,题干,A,B,C,D,答案
0,中国特色社会主义进入新时代，我国社会主要矛盾已经转化为(),人民日益增长的物质文化需要同落后的社会生产之间的矛盾,人民对于建立先进的工业国的要求同落后的农业国的现实之间的矛盾,人民对于经济文化迅速发展的需要同当前经济文化不能满足人民需要的状况之间的矛盾,人民日益增长的美好生活需要和不平衡不充分的发展之间的矛盾,D
1,当前我国社会主义所处的历史阶段是(),社会主义初级阶段,社会主义中级阶段,社会主义高级阶段,社会主义特殊阶段,A
2,习近平新时代中国特色社会主义思想的核心要义是(),坚持四项基本原则,以经济建设为中心,坚持和发展中国特色社会主义,坚持改革开放,C
3,实现社会主义现代化、创造人民美好生活的必经之路是(),中国特色社会主义制度,中国特色社会主义道路,中国特色社会主义文化,中国特色社会主义理论体系,B
4,解决我国一切问题的基础和关键(),创新,发展,改革,开放,B
5,中国特色社会主义的本质要求和重要保障是(),全面依法治国,全面深化改革,全面从严治党,全面建设小康社会,A
6,坚持和发展中国特色社会主义，总任务是（）,完善和发展中国特色社会主义制度、推进国家治理体系和治理能力现代化,建设中国特色社会主义法治体系、建设社会主义法治国家,实现社会主义现代化和中华民族伟大复兴，在全面建成小康社会的基础上，分两步走在本世纪中叶建成富强民主文明和谐美丽的社会主义现代化强国,建设一支听党指挥、能打胜仗、作风优良的人民军队，把人民军队建设成为世界一流军队,C
7,（）是贯彻习近平新时代中国特色社会主义思想的一根红线,人民立场,人民主体,人民至上,人民幸福,C
8,习近平新时代中国特色社会主义思想强调底线思维，是指（）,高瞻远瞩、统揽全局,知古鉴今、运用历史眼光看待问题,破除迷信、超越陈规,客观设定最低目标，立足最低点争取最大期望值,D
9,习近平新时代中国特色社会主义思想强调法治思维，是指（）,高瞻远瞩、统揽全局,知古鉴今、运用历史眼光看待问题,增强尊法学法守法用法意识，用法治方式治国理政,客观设定最低目标，立足最低点争取最大期望值,C
10,人民是中国梦的（    ），是中国梦的创造者和享有者。,主体,客体,组织者,参与者,A
11,全面建设社会主义现代化国家的进程分两个阶段来安排。第一个阶段，从（    ），在全面建成小康社会的基础上，再奋斗15年，基本实现社会主义现代化。,2000年到2020年,2018年到2035年,2035年到2050年,2020年到2035年,D
12,中华民族的昨天，是（    ）。,“雄关漫道真如铁”,“人间正道是沧桑”,“长风破浪会有时”,“直挂云帆济沧海”,A
13,中华民族的今天，是（    ）。,“雄关漫道真如铁”,“人间正道是沧桑”,“长风破浪会有时”,“直挂云帆济沧海”,B
14,中华民族的明天，是（    ）。,“雄关漫道真如铁”,“人间正道是沧桑”,“长风破浪会有时”,“直挂云帆济沧海”,C
15,制定正确的发展战略和政策的依据是（    ）。,我国社会的经济总量,我国社会的发展目标,我国社会的具体国情,我国社会的社会性质,C
16,中国特色社会主义事业要紧紧依靠（    ）。,全国各族人民,精英分子,中国共产党,爱国统一战线,A
17,（   ）是中国特色社会主义事业的领导力量。,全国各族人民,精英分子,中国共产党,爱国统一战线,C
18,党的十三大提出基本实现我国社会主义现代化的发展战略是（   ）。,“三步走”发展战略,“四步走”发展战略,“五步走”发展战略,“全面小康”发展战略,A
19,习近平同志指出，实现中国梦必须走(    )道路。,中国特色社会主义,现代化,和平发展,改革开放,A
20,习近平同志指出，实现中国梦必须凝聚中国力量。所谓中国力量，就是(    )。,中国共产党领导的力量,中国各族人民大团结的力量,工人阶级团结的力量,全球华人合作的力量,B
21,中国梦是（    ）的形象表达。,实现共产主义,全面建成小康社会,中华民族崛起,中华民族伟大复兴,D
22,全面建设社会主义现代化国家的进程分两个阶段来安排。第二个阶段，从（    ），在基本实现现代化的基础上，把我国建成富强民主文明和谐美丽的社会主义现代化国家。,2000年到2020年,2018年到2035年,2035年到本世纪中叶,2020年到2035年,C
23,改革开放之后，党提出了“三步走”战略目标，目前已经走完了,第一步,第二步和第三步,第一步和第二步,第二步,C
24,习近平在（    ）首次提中国梦。,十九大报告中,十八大报告中,参观《复兴之路》展览时,十七大报告中,C
25,（    ）是国家富强、民族振兴的根本出发点和落脚点。,人民幸福,人民满意,社会和谐,共同富裕,A
26,中国梦归根结底是（     ）的梦,共产主义,党,人民,民族,C
27,（）是引领发展的第一动力。,创新,协调,绿色,开放、共享,A
28,坚持（）发展，是应对发展环境变化、增强发展动力、把握发展主动权，更好引领新常态的根本之策。,创新,协调,绿色,开放、共享,A
29,坚持创新发展，就是把创新摆在国家发展全局的（）位置。,重要,次要,核心,非核心,C
30,（）是持续健康发展的内在要求。,创新,协调,绿色,开放、共享,B
31,（）是永续发展的必要条件和人民对美好生活追求的重要体现。,创新,协调,绿色,开放、共享,C
32,（）发展，就是要解决好人与自然和谐共生问题，推进美丽中国建设。,创新,协调,绿色,开放、共享,C
33,（）是国家繁荣发展的必由之路。,创新、协调,绿色,开放,共享,C
34,（）是中国特色社会主义的本质要求。,创新、协调,绿色,开放,共享,D
35,共享的内涵主要包括四个方面，即：全民共享、全面共享、共建共享、（）。,高级共享,均衡共享,渐进共享,同步共享,C
36,一九三九年，毛泽东第一次提出“新民主主义革命”的科学概念的著作是(   ),《中国革命和中国共产党》,《在晋绥干部会议上的讲话》,《新民主主义论》,《论人民民主专政》,A
37, “因为中国资产阶级根本上与剥削农民的豪绅地主相混合，中国革命要推翻地主阶级，便不能不同时推翻资产阶级”。这一观点的主要错误是(   ),忽视了反对帝国主义的必要性,未能区分中国资产阶级的两部分,混淆了民主革命和社会主义革命的任务,不承认中国资产阶级与地主阶级的区别,C
38,在新民主主义的经济纲领中，包含着新民主主义革命和社会主义革命双重性质的内容是(   ),没收封建地主阶级的土地,土地革命路线,没收官僚资本,保护民族工商业,C
39,在新民主主义的经济纲领中，极具特色的一项内容是(   ),没收封建地主阶级的土地归农民所有,土地革命路线,没收官僚资本归新民主主义国家所有,保护民族工商业,D
40,“房子是应该经常打扫的，不打扫就会积满了灰尘，脸是应该经常洗的，不洗也就会灰尘满面。我们同志的思想、我们党的工作，也会沾染灰尘的，也应该打扫和洗涤。”这段话形象地反映了中国共产党在长期革命实践中历形成的(   ) ,密切联系群众的优良作风,艰苦奋斗的优良作风 ,理论联系实际的优良作风,批评与自我批评的优良作风,D
41,新民主主义革命理论的核心问题是（   ）,革命的动力,革命的前途,革命的领导权,革命的任务,C
42,土地革命战争时期，红色政权能够存在和发展的根本原因是                                                                                                      （    ）,中国是一个经济政治发展极端不平衡的半殖民地半封建大国,国民革命的政治影响及良好的群众基础,全国革命形势的继续发展,相当力量的正式红军的存在以及共产党组织的坚强有力领导,A
43,从鸦片战争到辛亥革命期间，中国人民所进行的反帝反封建的斗争 ，属于（   ）,旧民主主义革命范畴,新民主主义革命范畴,过渡时期,新民主主义社会,A
44,毛泽东指出，认清一切革命问题的基本的根据是(   ),正确分析中国社会的阶级状况,正确分析中国社会的经济结构,认清中国的国情,认清中国社会的主要矛盾,C
45, 近代中国的社会性质是(     ),封建社会,半殖民地半封建社会,资本主义社会,前资本主义社会,B
46,中国沦为半殖民地半封建社会的起点的战争是(   ),鸦片战争 ,第二次鸦片战争,甲午中日战争,八国联军侵华战争,A
47,帝国主义奴役近代中国的社会基础是(   ),封建势力,买办资产阶级, 小资产阶级, 民族资产阶级,A
48,近代中国社会最主要的矛盾是(   ) ,农民阶级和地主阶级的矛盾,帝国主义和中华民族的矛盾,人民大众和封建主义的矛盾,无产阶级和资产阶级的矛盾,B
49,由旧民主主义革命向新民主主义革命转变的标志是(   ),新文化运动,辛亥革命, “五四”运动,中国共产党的成立,C
50,毛泽东提出新民主主义革命的三大法宝的著作是(   ),《共产党人》发刊词,《论人民民主专政》,《新民主主义论》,《论联合政府》,A
51,新民主主义国家的政体是(   ),政治协商会议制度, 共产党领导的多党合作制度,人民代表大会制度,参议会制度 ,C
52,中国革命的领导阶级是(   ),工人阶级,农民阶级,小资产阶级,民族资产阶级,A
53,中国革命最基本的动力是(   ),无产阶级,农民,小资产阶级,民族资产阶级,A
54,中国无产阶级最可靠的同盟军是(   ),农民阶级,城市小资产阶级, 民族资产阶级,开明士绅,A
55,近代中国民主革命的主力军是(   ),工人阶级,知识分子,农民阶级,民族资产阶级,C
56,近代中国带有两面性的阶级是(   ),大资产阶级,小资产阶级,民族资产阶级,地主阶级,C
57,秋收起义后毛泽东创建的第一个农村革命根据地是(   ),井冈山根据地,左右江根据地,闽西根据地,中央根据地,A
58,不属于新民主主义革命时期的统一战线的是(   ),工农民主统一战线, 抗日民族统一战线,人民民主统一战线,新时期爱国统一战线,D
59,新民主主义革命区别于旧民主主义革命的根本标志是(   ),革命的动力,革命的目标, 革命的对象,革命的领导权,D
60,毛泽东提出“须知政权是由枪杆子中取得的”的著名论断是在(   ),八七会议,古田会议,遵义会议,瓦窑堡会议,A
61,中国共产党领导的新民主主义革命的根本目的是(   ),解放被束缚的生产力,建立新民主主义的人民共和国,改变中国半殖民地半封建社会的面貌,推翻帝国主义、封建主义和官僚资本主义的统治 ,A
62,新民主主义革命的前途是(   ),共产主义,社会主义,新民主主义,资本主义,B
63,新民主主义革命的主要内容是(   ),武装斗争,没收封建地主阶级的土地归农民所有,建设农村根据地,政权建设,B
64,中国革命的首要对象(   ),大资产阶级,民族资产阶级,封建势力,帝国主义,D
65,中国共产党在领导人民革命的过程中，积累了丰富的经验，武装斗争就是战胜敌人的重要法宝之一，其实质是（   ）,无产阶级的反帝国主义战争,资产阶级领导的反封建战争,工农联合的反军阀战争,工人阶级领导的农民战争,D
66,中国革命的中心问题是（   ）,无产阶级的领导权,团结革命动力,认清革命对象,明确革命目标,   A
67,新民主主义革命的首要问题是（）,分清敌友,团结农民阶级,坚持中国共产党的领导,正确分析民族资产阶级的两面性,A
68,开辟世界无产阶级社会主义革命新纪元的一次革命是指（）,五四运动,俄国十月革命,太平天国运动,新民主主义革命,B
69,毛泽东在哪本著作中阐明了其新民主主义的政治、经济、文化纲领（）,《论联合政府》,《新民主主义论》,《井冈山的斗争》,《论人民民主专政》,B
70,以毛泽东为主要代表的中国共产党人在实践中总结出来的关于中国革命道路问题的科学概念是（） ,农村包围城市思想,坚持党的领导思想,工农武装割据思想,党的基本路线思想,C
71,毛泽东建军思想的核心是（）,"坚持党对军队的绝
对领导","坚持全心全意为人民服务的军队

",坚持正确的战略原则,加强人民军队建设,A
72,我国对资本主义工商业的社会主义改造基本完成的标志是（   ）,加工订货的实行,单个企业公私合营的实现,统购包销的实行,全行业公私合营的实现,D
73,我国进入社会主义社会的时间是（    ）,中华人民共和国成立之后,全国土地改革基本完成之后,过渡时期总路线的提出之后,社会主义改造基本完成之后,D
74,我国建国初期属于(   ),新民主主义社会,社会主义社会,资本主义社会,半殖民地半封建社会,A
75,我国建国初期政权的性质是(   ),无产阶级专政,农民阶级专政,资产阶级专政,各革命阶级联合专政,D
76,在我国，剥削阶级和剥削制度被消灭的标志是(   ),中华人民共和国的建立,全国大陆的统一,社会主义改造的完成,土地改革的完成,C
77,一九五三年到一九五六年国内的主要矛盾是(   ),中国人民同国民党残余势力、地主阶级和帝国主义的矛盾,工人阶级同资产阶级的矛盾、社会主义道路同资本主义道路的矛盾,人民日益增长的物质文化生活需要同落后的社会生产之间的矛盾,帝国主义和中华民族的矛盾、封建主义同人民大众的矛盾,B
78,中国民族资产阶级在社会主义改造时期仍有两面性，其表现为(   ),革命性和妥协性,主动性和被动性,剥削工人的一面和接受党的领导的一面,进步性和顽固性,C
79,党在过渡时期总路线最显著的特点是(   ),实行社会主义建设和改造同时并举,用和平方法改造民族工商业,以实现社会主义工业化为主要目标,符合当时的基本国情，反映了新民主主义向社会主义转变的历史必然性,A
80,我国在对民族资本主义工商业实行全行业公私合营后采取的赎买政策是(   ),四马分肥,定息,加工订货、统购统销,国家资本主义,B
81,我国对民族资本主义工商业的社会主义改造的高级形式是(   ),委托加工,计划订货,统购包销、经销代销,全行业公私合营,D
82,三大改造的实质是(   ),实行农业合作化,建立国营经济,改变生产资料私有制,恢复国民经济,C
83,党在过渡时期的总路线和总任务是(    ),无产阶级领导的、人民大众的，反对帝国主义、封建主义、官僚资本主义的革命,在一相当长的时期内，逐步实现国家的社会主义工业化，并逐步实现国家对农业、手工业和资本主义工商业的社会主义改造,鼓足干劲，力争上游，多快好省地建设社会主义,以经济建设为中心，坚持四项基本原则，坚持改革开放，自力更生，艰苦创业，为把中国建设成富强、民主、文明的社会主义现代化国家而奋斗。,B
84,一九五三年提出的过渡时期总路线的过渡时期是指(   ),从中华人民共和国成立，到社会主义建成,从国民经济恢复，到社会主义改造完成,从中华人民共和国成立，到社会主义改造基本完成,从总路线提出起，到建成社会主义,C
85,一九五三年九月，毛泽东在对民主党派和工商界部分代表讲话时指出：改造资本主义工商业和逐步完成社会主义过渡的必经之路是(   ),剥夺资本家的财产,排挤私营工商业,国家资本主义,保护民族工商业,C
86,在社会主义改造中，中国共产党对资本主义工商业所采取的政策是(   ),利用,没收,限制,和平赎买,D
87,新中国在对资本主义工商业实行社会主义改造的过程中，在利润分配上采取的政策是(   ),统筹兼顾,劳资两利,公私兼顾,四马分肥,D
88,党的过渡时期总路线的主体是(   ),三大改造,社会主义革命和社会主义建设同时并举,社会主义工业化建设,对农业的社会主义改造,C
89,下面关于社会主义改造不正确的论述有(   ),社会主义改造的基本完成标志着社会主义制度在中国的确立,社会主义改造的基本完成实现了中国历史上最广泛最深刻的社会变革,社会主义改造的基本完成为中国的社会主义现代化建设奠定了基础,社会主义改造的基本完成标志中国已经建成了社会主义,D
90,党对农业的社会主义改造采取了循序渐进的步骤，逐步实现过渡。其中第二步是组织(   ),农业生产变工队,农业生产互助组,初级农业生产合作社,高级农业生产合作社,C
91,我国在对农业和手工业进行社会主义改造时采取的方针是(   ),积极领导、稳步前进,利用、限制、改造,和平赎买,自愿互利、典型示范和国家帮助,A
92,对资本主义工商业实行社会主义改造，使资本主义所有制过渡到社会主义公有制具有决定意义的重大步骤是(   ),委托加工,计划订货,统购包销,全行业公私合营,D
93,社会主义过渡时期总路线错误的说法是(   ),主要内容是“一化三改”,过渡时期结束的标志是社会主义改造结束,以单一的社会主义公有制为目标,以中国特色社会主义为目标,D
94,我国从新民主主义到社会主义的过渡时期，个体经济向社会主义集体经济过渡的形式是(   ),国营经济,私人资本主义经济,合作社经济,国家资本主义经济,C
95,中国历史上最深刻最大的社会变革是指（）,社会主义基本制度的确立,三大改造,新中国的成立,新民主主义革命,         A
96,在对资本主义工商业改造中，国家对资方在职人员和资方代理人所采取的原则是指（）,量才适用，适当照顾,改造,包下来,利用,         A
97,“工人革命的第一步就是使无产阶级上升为统治阶级，争得民主”出自以下哪一本著作（）,《关于农业生产互助合作的决议》,《共产党宣言》,《毛泽东文集》,"《关于党在过渡时期总路线的学习和宣传提纲》
",     B
98,社会主义改造中，中国共产党对待农民的方法是（）,引导、说服、教育,改造、教育,剥夺,引导、改造,  A
99,中国特色社会主义进入新时代，我国社会主要矛盾已经转化为(),人民日益增长的物质文化需要同落后的社会生产之间的矛盾,人民对于建立先进的工业国的要求同落后的农业国的现实之间的矛盾,人民对于经济文化迅速发展的需要同当前经济文化不能满足人民需要的状况之间的矛盾,人民日益增长的美好生活需要和不平衡不充分的发展之间的矛盾,D
100,当前我国社会主义所处的历史阶段是(),社会主义初级阶段,社会主义中级阶段,社会主义高级阶段,社会主义特殊阶段,A
101,习近平新时代中国特色社会主义思想的核心要义是(),坚持四项基本原则,以经济建设为中心,坚持和发展中国特色社会主义,坚持改革开放,C
102,实现社会主义现代化、创造人民美好生活的必经之路是(),中国特色社会主义制度,中国特色社会主义道路,中国特色社会主义文化,中国特色社会主义理论体系,B
103,解决我国一切问题的基础和关键(),创新,发展,改革,开放,B
104,中国特色社会主义的本质要求和重要保障是(),全面依法治国,全面深化改革,全面从严治党,全面建设小康社会,A
105,坚持和发展中国特色社会主义，总任务是（）,完善和发展中国特色社会主义制度、推进国家治理体系和治理能力现代化,建设中国特色社会主义法治体系、建设社会主义法治国家,实现社会主义现代化和中华民族伟大复兴，在全面建成小康社会的基础上，分两步走在本世纪中叶建成富强民主文明和谐美丽的社会主义现代化强国,建设一支听党指挥、能打胜仗、作风优良的人民军队，把人民军队建设成为世界一流军队,C
106,（）是贯彻习近平新时代中国特色社会主义思想的一根红线,人民立场,人民主体,人民至上,人民幸福,C
107,习近平新时代中国特色社会主义思想强调底线思维，是指（）,高瞻远瞩、统揽全局,知古鉴今、运用历史眼光看待问题,破除迷信、超越陈规,客观设定最低目标，立足最低点争取最大期望值,D
108,习近平新时代中国特色社会主义思想强调法治思维，是指（）,高瞻远瞩、统揽全局,知古鉴今、运用历史眼光看待问题,增强尊法学法守法用法意识，用法治方式治国理政,客观设定最低目标，立足最低点争取最大期望值,C
109,人民是中国梦的（    ），是中国梦的创造者和享有者。,主体,客体,组织者,参与者,A
110,全面建设社会主义现代化国家的进程分两个阶段来安排。第一个阶段，从（    ），在全面建成小康社会的基础上，再奋斗15年，基本实现社会主义现代化。,2000年到2020年,2018年到2035年,2035年到2050年,2020年到2035年,D
111,中华民族的昨天，是（    ）。,“雄关漫道真如铁”,“人间正道是沧桑”,“长风破浪会有时”,“直挂云帆济沧海”,A
112,中华民族的今天，是（    ）。,“雄关漫道真如铁”,“人间正道是沧桑”,“长风破浪会有时”,“直挂云帆济沧海”,B
113,中华民族的明天，是（    ）。,“雄关漫道真如铁”,“人间正道是沧桑”,“长风破浪会有时”,“直挂云帆济沧海”,C
114,制定正确的发展战略和政策的依据是（    ）。,我国社会的经济总量,我国社会的发展目标,我国社会的具体国情,我国社会的社会性质,C
115,中国特色社会主义事业要紧紧依靠（    ）。,全国各族人民,精英分子,中国共产党,爱国统一战线,A
116,（   ）是中国特色社会主义事业的领导力量。,全国各族人民,精英分子,中国共产党,爱国统一战线,C
117,党的十三大提出基本实现我国社会主义现代化的发展战略是（   ）。,“三步走”发展战略,“四步走”发展战略,“五步走”发展战略,“全面小康”发展战略,A
118,习近平同志指出，实现中国梦必须走(    )道路。,中国特色社会主义,现代化,和平发展,改革开放,A
119,习近平同志指出，实现中国梦必须凝聚中国力量。所谓中国力量，就是(    )。,中国共产党领导的力量,中国各族人民大团结的力量,工人阶级团结的力量,全球华人合作的力量,B
120,中国梦是（    ）的形象表达。,实现共产主义,全面建成小康社会,中华民族崛起,中华民族伟大复兴,D
121,全面建设社会主义现代化国家的进程分两个阶段来安排。第二个阶段，从（    ），在基本实现现代化的基础上，把我国建成富强民主文明和谐美丽的社会主义现代化国家。,2000年到2020年,2018年到2035年,2035年到本世纪中叶,2020年到2035年,C
122,改革开放之后，党提出了“三步走”战略目标，目前已经走完了,第一步,第二步和第三步,第一步和第二步,第二步,C
123,习近平在（    ）首次提中国梦。,十九大报告中,十八大报告中,参观《复兴之路》展览时,十七大报告中,C
124,（    ）是国家富强、民族振兴的根本出发点和落脚点。,人民幸福,人民满意,社会和谐,共同富裕,A
125,中国梦归根结底是（     ）的梦,共产主义,党,人民,民族,C
126,（）是引领发展的第一动力。,创新,协调,绿色,开放、共享,A
127,坚持（）发展，是应对发展环境变化、增强发展动力、把握发展主动权，更好引领新常态的根本之策。,创新,协调,绿色,开放、共享,A
128,坚持创新发展，就是把创新摆在国家发展全局的（）位置。,重要,次要,核心,非核心,C
129,（）是持续健康发展的内在要求。,创新,协调,绿色,开放、共享,B
130,（）是永续发展的必要条件和人民对美好生活追求的重要体现。,创新,协调,绿色,开放、共享,C
131,（）发展，就是要解决好人与自然和谐共生问题，推进美丽中国建设。,创新,协调,绿色,开放、共享,C
132,（）是国家繁荣发展的必由之路。,创新、协调,绿色,开放,共享,C
133,（）是中国特色社会主义的本质要求。,创新、协调,绿色,开放,共享,D
134,共享的内涵主要包括四个方面，即：全民共享、全面共享、共建共享、（）。,高级共享,均衡共享,渐进共享,同步共享,C
135,一九三九年，毛泽东第一次提出“新民主主义革命”的科学概念的著作是(   ),《中国革命和中国共产党》,《在晋绥干部会议上的讲话》,《新民主主义论》,《论人民民主专政》,A
136, “因为中国资产阶级根本上与剥削农民的豪绅地主相混合，中国革命要推翻地主阶级，便不能不同时推翻资产阶级”。这一观点的主要错误是(   ),忽视了反对帝国主义的必要性,未能区分中国资产阶级的两部分,混淆了民主革命和社会主义革命的任务,不承认中国资产阶级与地主阶级的区别,C
137,在新民主主义的经济纲领中，包含着新民主主义革命和社会主义革命双重性质的内容是(   ),没收封建地主阶级的土地,土地革命路线,没收官僚资本,保护民族工商业,C
138,在新民主主义的经济纲领中，极具特色的一项内容是(   ),没收封建地主阶级的土地归农民所有,土地革命路线,没收官僚资本归新民主主义国家所有,保护民族工商业,D
139,“房子是应该经常打扫的，不打扫就会积满了灰尘，脸是应该经常洗的，不洗也就会灰尘满面。我们同志的思想、我们党的工作，也会沾染灰尘的，也应该打扫和洗涤。”这段话形象地反映了中国共产党在长期革命实践中历形成的(   ) ,密切联系群众的优良作风,艰苦奋斗的优良作风 ,理论联系实际的优良作风,批评与自我批评的优良作风,D
140,新民主主义革命理论的核心问题是（   ）,革命的动力,革命的前途,革命的领导权,革命的任务,C
141,土地革命战争时期，红色政权能够存在和发展的根本原因是                                                                                                      （    ）,中国是一个经济政治发展极端不平衡的半殖民地半封建大国,国民革命的政治影响及良好的群众基础,全国革命形势的继续发展,相当力量的正式红军的存在以及共产党组织的坚强有力领导,A
142,从鸦片战争到辛亥革命期间，中国人民所进行的反帝反封建的斗争 ，属于（   ）,旧民主主义革命范畴,新民主主义革命范畴,过渡时期,新民主主义社会,A
143,毛泽东指出，认清一切革命问题的基本的根据是(   ),正确分析中国社会的阶级状况,正确分析中国社会的经济结构,认清中国的国情,认清中国社会的主要矛盾,C
144, 近代中国的社会性质是(     ),封建社会,半殖民地半封建社会,资本主义社会,前资本主义社会,B
145,中国沦为半殖民地半封建社会的起点的战争是(   ),鸦片战争 ,第二次鸦片战争,甲午中日战争,八国联军侵华战争,A
146,帝国主义奴役近代中国的社会基础是(   ),封建势力,买办资产阶级, 小资产阶级, 民族资产阶级,A
147,近代中国社会最主要的矛盾是(   ) ,农民阶级和地主阶级的矛盾,帝国主义和中华民族的矛盾,人民大众和封建主义的矛盾,无产阶级和资产阶级的矛盾,B
148,由旧民主主义革命向新民主主义革命转变的标志是(   ),新文化运动,辛亥革命, “五四”运动,中国共产党的成立,C
149,毛泽东提出新民主主义革命的三大法宝的著作是(   ),《共产党人》发刊词,《论人民民主专政》,《新民主主义论》,《论联合政府》,A
150,新民主主义国家的政体是(   ),政治协商会议制度, 共产党领导的多党合作制度,人民代表大会制度,参议会制度 ,C
151,中国革命的领导阶级是(   ),工人阶级,农民阶级,小资产阶级,民族资产阶级,A
152,中国革命最基本的动力是(   ),无产阶级,农民,小资产阶级,民族资产阶级,A
153,中国无产阶级最可靠的同盟军是(   ),农民阶级,城市小资产阶级, 民族资产阶级,开明士绅,A
154,近代中国民主革命的主力军是(   ),工人阶级,知识分子,农民阶级,民族资产阶级,C
155,近代中国带有两面性的阶级是(   ),大资产阶级,小资产阶级,民族资产阶级,地主阶级,C
156,秋收起义后毛泽东创建的第一个农村革命根据地是(   ),井冈山根据地,左右江根据地,闽西根据地,中央根据地,A
157,不属于新民主主义革命时期的统一战线的是(   ),工农民主统一战线, 抗日民族统一战线,人民民主统一战线,新时期爱国统一战线,D
158,新民主主义革命区别于旧民主主义革命的根本标志是(   ),革命的动力,革命的目标, 革命的对象,革命的领导权,D
159,毛泽东提出“须知政权是由枪杆子中取得的”的著名论断是在(   ),八七会议,古田会议,遵义会议,瓦窑堡会议,A
160,中国共产党领导的新民主主义革命的根本目的是(   ),解放被束缚的生产力,建立新民主主义的人民共和国,改变中国半殖民地半封建社会的面貌,推翻帝国主义、封建主义和官僚资本主义的统治 ,A
161,新民主主义革命的前途是(   ),共产主义,社会主义,新民主主义,资本主义,B
162,新民主主义革命的主要内容是(   ),武装斗争,没收封建地主阶级的土地归农民所有,建设农村根据地,政权建设,B
163,中国革命的首要对象(   ),大资产阶级,民族资产阶级,封建势力,帝国主义,D
164,中国共产党在领导人民革命的过程中，积累了丰富的经验，武装斗争就是战胜敌人的重要法宝之一，其实质是（   ）,无产阶级的反帝国主义战争,资产阶级领导的反封建战争,工农联合的反军阀战争,工人阶级领导的农民战争,D
165,中国革命的中心问题是（   ）,无产阶级的领导权,团结革命动力,认清革命对象,明确革命目标,   A
166,新民主主义革命的首要问题是（）,分清敌友,团结农民阶级,坚持中国共产党的领导,正确分析民族资产阶级的两面性,A
167,开辟世界无产阶级社会主义革命新纪元的一次革命是指（）,五四运动,俄国十月革命,太平天国运动,新民主主义革命,B
168,毛泽东在哪本著作中阐明了其新民主主义的政治、经济、文化纲领（）,《论联合政府》,《新民主主义论》,《井冈山的斗争》,《论人民民主专政》,B
169,以毛泽东为主要代表的中国共产党人在实践中总结出来的关于中国革命道路问题的科学概念是（） ,农村包围城市思想,坚持党的领导思想,工农武装割据思想,党的基本路线思想,C
170,毛泽东建军思想的核心是（）,"坚持党对军队的绝
对领导","坚持全心全意为人民服务的军队

",坚持正确的战略原则,加强人民军队建设,A
171,我国对资本主义工商业的社会主义改造基本完成的标志是（   ）,加工订货的实行,单个企业公私合营的实现,统购包销的实行,全行业公私合营的实现,D
172,我国进入社会主义社会的时间是（    ）,中华人民共和国成立之后,全国土地改革基本完成之后,过渡时期总路线的提出之后,社会主义改造基本完成之后,D
173,我国建国初期属于(   ),新民主主义社会,社会主义社会,资本主义社会,半殖民地半封建社会,A
174,我国建国初期政权的性质是(   ),无产阶级专政,农民阶级专政,资产阶级专政,各革命阶级联合专政,D
175,在我国，剥削阶级和剥削制度被消灭的标志是(   ),中华人民共和国的建立,全国大陆的统一,社会主义改造的完成,土地改革的完成,C
176,一九五三年到一九五六年国内的主要矛盾是(   ),中国人民同国民党残余势力、地主阶级和帝国主义的矛盾,工人阶级同资产阶级的矛盾、社会主义道路同资本主义道路的矛盾,人民日益增长的物质文化生活需要同落后的社会生产之间的矛盾,帝国主义和中华民族的矛盾、封建主义同人民大众的矛盾,B
177,中国民族资产阶级在社会主义改造时期仍有两面性，其表现为(   ),革命性和妥协性,主动性和被动性,剥削工人的一面和接受党的领导的一面,进步性和顽固性,C
178,党在过渡时期总路线最显著的特点是(   ),实行社会主义建设和改造同时并举,用和平方法改造民族工商业,以实现社会主义工业化为主要目标,符合当时的基本国情，反映了新民主主义向社会主义转变的历史必然性,A
179,我国在对民族资本主义工商业实行全行业公私合营后采取的赎买政策是(   ),四马分肥,定息,加工订货、统购统销,国家资本主义,B
180,我国对民族资本主义工商业的社会主义改造的高级形式是(   ),委托加工,计划订货,统购包销、经销代销,全行业公私合营,D
181,三大改造的实质是(   ),实行农业合作化,建立国营经济,改变生产资料私有制,恢复国民经济,C
182,党在过渡时期的总路线和总任务是(    ),无产阶级领导的、人民大众的，反对帝国主义、封建主义、官僚资本主义的革命,在一相当长的时期内，逐步实现国家的社会主义工业化，并逐步实现国家对农业、手工业和资本主义工商业的社会主义改造,鼓足干劲，力争上游，多快好省地建设社会主义,以经济建设为中心，坚持四项基本原则，坚持改革开放，自力更生，艰苦创业，为把中国建设成富强、民主、文明的社会主义现代化国家而奋斗。,B
183,一九五三年提出的过渡时期总路线的过渡时期是指(   ),从中华人民共和国成立，到社会主义建成,从国民经济恢复，到社会主义改造完成,从中华人民共和国成立，到社会主义改造基本完成,从总路线提出起，到建成社会主义,C
184,一九五三年九月，毛泽东在对民主党派和工商界部分代表讲话时指出：改造资本主义工商业和逐步完成社会主义过渡的必经之路是(   ),剥夺资本家的财产,排挤私营工商业,国家资本主义,保护民族工商业,C
185,在社会主义改造中，中国共产党对资本主义工商业所采取的政策是(   ),利用,没收,限制,和平赎买,D
186,新中国在对资本主义工商业实行社会主义改造的过程中，在利润分配上采取的政策是(   ),统筹兼顾,劳资两利,公私兼顾,四马分肥,D
187,党的过渡时期总路线的主体是(   ),三大改造,社会主义革命和社会主义建设同时并举,社会主义工业化建设,对农业的社会主义改造,C
188,下面关于社会主义改造不正确的论述有(   ),社会主义改造的基本完成标志着社会主义制度在中国的确立,社会主义改造的基本完成实现了中国历史上最广泛最深刻的社会变革,社会主义改造的基本完成为中国的社会主义现代化建设奠定了基础,社会主义改造的基本完成标志中国已经建成了社会主义,D
189,党对农业的社会主义改造采取了循序渐进的步骤，逐步实现过渡。其中第二步是组织(   ),农业生产变工队,农业生产互助组,初级农业生产合作社,高级农业生产合作社,C
190,我国在对农业和手工业进行社会主义改造时采取的方针是(   ),积极领导、稳步前进,利用、限制、改造,和平赎买,自愿互利、典型示范和国家帮助,A
191,对资本主义工商业实行社会主义改造，使资本主义所有制过渡到社会主义公有制具有决定意义的重大步骤是(   ),委托加工,计划订货,统购包销,全行业公私合营,D
192,社会主义过渡时期总路线错误的说法是(   ),主要内容是“一化三改”,过渡时期结束的标志是社会主义改造结束,以单一的社会主义公有制为目标,以中国特色社会主义为目标,D
193,我国从新民主主义到社会主义的过渡时期，个体经济向社会主义集体经济过渡的形式是(   ),国营经济,私人资本主义经济,合作社经济,国家资本主义经济,C
194,中国历史上最深刻最大的社会变革是指（）,社会主义基本制度的确立,三大改造,新中国的成立,新民主主义革命,         A
195,在对资本主义工商业改造中，国家对资方在职人员和资方代理人所采取的原则是指（）,量才适用，适当照顾,改造,包下来,利用,         A
196,“工人革命的第一步就是使无产阶级上升为统治阶级，争得民主”出自以下哪一本著作（）,《关于农业生产互助合作的决议》,《共产党宣言》,《毛泽东文集》,"《关于党在过渡时期总路线的学习和宣传提纲》
",     B
197,社会主义改造中，中国共产党对待农民的方法是（）,引导、说服、教育,改造、教育,剥夺,引导、改造,  A
198,中国特色社会主义进入新时代，我国社会主要矛盾已经转化为(),人民日益增长的物质文化需要同落后的社会生产之间的矛盾,人民对于建立先进的工业国的要求同落后的农业国的现实之间的矛盾,人民对于经济文化迅速发展的需要同当前经济文化不能满足人民需要的状况之间的矛盾,人民日益增长的美好生活需要和不平衡不充分的发展之间的矛盾,D
199,当前我国社会主义所处的历史阶段是(),社会主义初级阶段,社会主义中级阶段,社会主义高级阶段,社会主义特殊阶段,A
200,习近平新时代中国特色社会主义思想的核心要义是(),坚持四项基本原则,以经济建设为中心,坚持和发展中国特色社会主义,坚持改革开放,C
201,实现社会主义现代化、创造人民美好生活的必经之路是(),中国特色社会主义制度,中国特色社会主义道路,中国特色社会主义文化,中国特色社会主义理论体系,B
202,解决我国一切问题的基础和关键(),创新,发展,改革,开放,B
203,中国特色社会主义的本质要求和重要保障是(),全面依法治国,全面深化改革,全面从严治党,全面建设小康社会,A
204,坚持和发展中国特色社会主义，总任务是（）,完善和发展中国特色社会主义制度、推进国家治理体系和治理能力现代化,建设中国特色社会主义法治体系、建设社会主义法治国家,实现社会主义现代化和中华民族伟大复兴，在全面建成小康社会的基础上，分两步走在本世纪中叶建成富强民主文明和谐美丽的社会主义现代化强国,建设一支听党指挥、能打胜仗、作风优良的人民军队，把人民军队建设成为世界一流军队,C
205,（）是贯彻习近平新时代中国特色社会主义思想的一根红线,人民立场,人民主体,人民至上,人民幸福,C
206,习近平新时代中国特色社会主义思想强调底线思维，是指（）,高瞻远瞩、统揽全局,知古鉴今、运用历史眼光看待问题,破除迷信、超越陈规,客观设定最低目标，立足最低点争取最大期望值,D
207,习近平新时代中国特色社会主义思想强调法治思维，是指（）,高瞻远瞩、统揽全局,知古鉴今、运用历史眼光看待问题,增强尊法学法守法用法意识，用法治方式治国理政,客观设定最低目标，立足最低点争取最大期望值,C
208,人民是中国梦的（    ），是中国梦的创造者和享有者。,主体,客体,组织者,参与者,A
209,全面建设社会主义现代化国家的进程分两个阶段来安排。第一个阶段，从（    ），在全面建成小康社会的基础上，再奋斗15年，基本实现社会主义现代化。,2000年到2020年,2018年到2035年,2035年到2050年,2020年到2035年,D
210,中华民族的昨天，是（    ）。,“雄关漫道真如铁”,“人间正道是沧桑”,“长风破浪会有时”,“直挂云帆济沧海”,A
211,中华民族的今天，是（    ）。,“雄关漫道真如铁”,“人间正道是沧桑”,“长风破浪会有时”,“直挂云帆济沧海”,B
212,中华民族的明天，是（    ）。,“雄关漫道真如铁”,“人间正道是沧桑”,“长风破浪会有时”,“直挂云帆济沧海”,C
213,制定正确的发展战略和政策的依据是（    ）。,我国社会的经济总量,我国社会的发展目标,我国社会的具体国情,我国社会的社会性质,C
214,中国特色社会主义事业要紧紧依靠（    ）。,全国各族人民,精英分子,中国共产党,爱国统一战线,A
215,（   ）是中国特色社会主义事业的领导力量。,全国各族人民,精英分子,中国共产党,爱国统一战线,C
216,党的十三大提出基本实现我国社会主义现代化的发展战略是（   ）。,“三步走”发展战略,“四步走”发展战略,“五步走”发展战略,“全面小康”发展战略,A
217,习近平同志指出，实现中国梦必须走(    )道路。,中国特色社会主义,现代化,和平发展,改革开放,A
218,习近平同志指出，实现中国梦必须凝聚中国力量。所谓中国力量，就是(    )。,中国共产党领导的力量,中国各族人民大团结的力量,工人阶级团结的力量,全球华人合作的力量,B
219,中国梦是（    ）的形象表达。,实现共产主义,全面建成小康社会,中华民族崛起,中华民族伟大复兴,D
220,全面建设社会主义现代化国家的进程分两个阶段来安排。第二个阶段，从（    ），在基本实现现代化的基础上，把我国建成富强民主文明和谐美丽的社会主义现代化国家。,2000年到2020年,2018年到2035年,2035年到本世纪中叶,2020年到2035年,C
221,改革开放之后，党提出了“三步走”战略目标，目前已经走完了,第一步,第二步和第三步,第一步和第二步,第二步,C
222,习近平在（    ）首次提中国梦。,十九大报告中,十八大报告中,参观《复兴之路》展览时,十七大报告中,C
223,（    ）是国家富强、民族振兴的根本出发点和落脚点。,人民幸福,人民满意,社会和谐,共同富裕,A
224,中国梦归根结底是（     ）的梦,共产主义,党,人民,民族,C
225,（）是引领发展的第一动力。,创新,协调,绿色,开放、共享,A
226,坚持（）发展，是应对发展环境变化、增强发展动力、把握发展主动权，更好引领新常态的根本之策。,创新,协调,绿色,开放、共享,A
227,坚持创新发展，就是把创新摆在国家发展全局的（）位置。,重要,次要,核心,非核心,C
228,（）是持续健康发展的内在要求。,创新,协调,绿色,开放、共享,B
229,（）是永续发展的必要条件和人民对美好生活追求的重要体现。,创新,协调,绿色,开放、共享,C
230,（）发展，就是要解决好人与自然和谐共生问题，推进美丽中国建设。,创新,协调,绿色,开放、共享,C
231,（）是国家繁荣发展的必由之路。,创新、协调,绿色,开放,共享,C
232,（）是中国特色社会主义的本质要求。,创新、协调,绿色,开放,共享,D
233,共享的内涵主要包括四个方面，即：全民共享、全面共享、共建共享、（）。,高级共享,均衡共享,渐进共享,同步共享,C
234,一九三九年，毛泽东第一次提出“新民主主义革命”的科学概念的著作是(   ),《中国革命和中国共产党》,《在晋绥干部会议上的讲话》,《新民主主义论》,《论人民民主专政》,A
235, “因为中国资产阶级根本上与剥削农民的豪绅地主相混合，中国革命要推翻地主阶级，便不能不同时推翻资产阶级”。这一观点的主要错误是(   ),忽视了反对帝国主义的必要性,未能区分中国资产阶级的两部分,混淆了民主革命和社会主义革命的任务,不承认中国资产阶级与地主阶级的区别,C
236,在新民主主义的经济纲领中，包含着新民主主义革命和社会主义革命双重性质的内容是(   ),没收封建地主阶级的土地,土地革命路线,没收官僚资本,保护民族工商业,C
237,在新民主主义的经济纲领中，极具特色的一项内容是(   ),没收封建地主阶级的土地归农民所有,土地革命路线,没收官僚资本归新民主主义国家所有,保护民族工商业,D
238,“房子是应该经常打扫的，不打扫就会积满了灰尘，脸是应该经常洗的，不洗也就会灰尘满面。我们同志的思想、我们党的工作，也会沾染灰尘的，也应该打扫和洗涤。”这段话形象地反映了中国共产党在长期革命实践中历形成的(   ) ,密切联系群众的优良作风,艰苦奋斗的优良作风 ,理论联系实际的优良作风,批评与自我批评的优良作风,D
239,新民主主义革命理论的核心问题是（   ）,革命的动力,革命的前途,革命的领导权,革命的任务,C
240,土地革命战争时期，红色政权能够存在和发展的根本原因是                                                                                                      （    ）,中国是一个经济政治发展极端不平衡的半殖民地半封建大国,国民革命的政治影响及良好的群众基础,全国革命形势的继续发展,相当力量的正式红军的存在以及共产党组织的坚强有力领导,A
241,从鸦片战争到辛亥革命期间，中国人民所进行的反帝反封建的斗争 ，属于（   ）,旧民主主义革命范畴,新民主主义革命范畴,过渡时期,新民主主义社会,A
242,毛泽东指出，认清一切革命问题的基本的根据是(   ),正确分析中国社会的阶级状况,正确分析中国社会的经济结构,认清中国的国情,认清中国社会的主要矛盾,C
243, 近代中国的社会性质是(     ),封建社会,半殖民地半封建社会,资本主义社会,前资本主义社会,B
244,中国沦为半殖民地半封建社会的起点的战争是(   ),鸦片战争 ,第二次鸦片战争,甲午中日战争,八国联军侵华战争,A
245,帝国主义奴役近代中国的社会基础是(   ),封建势力,买办资产阶级, 小资产阶级, 民族资产阶级,A
246,近代中国社会最主要的矛盾是(   ) ,农民阶级和地主阶级的矛盾,帝国主义和中华民族的矛盾,人民大众和封建主义的矛盾,无产阶级和资产阶级的矛盾,B
247,由旧民主主义革命向新民主主义革命转变的标志是(   ),新文化运动,辛亥革命, “五四”运动,中国共产党的成立,C
248,毛泽东提出新民主主义革命的三大法宝的著作是(   ),《共产党人》发刊词,《论人民民主专政》,《新民主主义论》,《论联合政府》,A
249,新民主主义国家的政体是(   ),政治协商会议制度, 共产党领导的多党合作制度,人民代表大会制度,参议会制度 ,C
250,中国革命的领导阶级是(   ),工人阶级,农民阶级,小资产阶级,民族资产阶级,A
251,中国革命最基本的动力是(   ),无产阶级,农民,小资产阶级,民族资产阶级,A
252,中国无产阶级最可靠的同盟军是(   ),农民阶级,城市小资产阶级, 民族资产阶级,开明士绅,A
253,近代中国民主革命的主力军是(   ),工人阶级,知识分子,农民阶级,民族资产阶级,C
254,近代中国带有两面性的阶级是(   ),大资产阶级,小资产阶级,民族资产阶级,地主阶级,C
255,秋收起义后毛泽东创建的第一个农村革命根据地是(   ),井冈山根据地,左右江根据地,闽西根据地,中央根据地,A
256,不属于新民主主义革命时期的统一战线的是(   ),工农民主统一战线, 抗日民族统一战线,人民民主统一战线,新时期爱国统一战线,D
257,新民主主义革命区别于旧民主主义革命的根本标志是(   ),革命的动力,革命的目标, 革命的对象,革命的领导权,D
258,毛泽东提出“须知政权是由枪杆子中取得的”的著名论断是在(   ),八七会议,古田会议,遵义会议,瓦窑堡会议,A
259,中国共产党领导的新民主主义革命的根本目的是(   ),解放被束缚的生产力,建立新民主主义的人民共和国,改变中国半殖民地半封建社会的面貌,推翻帝国主义、封建主义和官僚资本主义的统治 ,A
260,新民主主义革命的前途是(   ),共产主义,社会主义,新民主主义,资本主义,B
261,新民主主义革命的主要内容是(   ),武装斗争,没收封建地主阶级的土地归农民所有,建设农村根据地,政权建设,B
262,中国革命的首要对象(   ),大资产阶级,民族资产阶级,封建势力,帝国主义,D
263,中国共产党在领导人民革命的过程中，积累了丰富的经验，武装斗争就是战胜敌人的重要法宝之一，其实质是（   ）,无产阶级的反帝国主义战争,资产阶级领导的反封建战争,工农联合的反军阀战争,工人阶级领导的农民战争,D
264,中国革命的中心问题是（   ）,无产阶级的领导权,团结革命动力,认清革命对象,明确革命目标,   A
265,新民主主义革命的首要问题是（）,分清敌友,团结农民阶级,坚持中国共产党的领导,正确分析民族资产阶级的两面性,A
266,开辟世界无产阶级社会主义革命新纪元的一次革命是指（）,五四运动,俄国十月革命,太平天国运动,新民主主义革命,B
267,毛泽东在哪本著作中阐明了其新民主主义的政治、经济、文化纲领（）,《论联合政府》,《新民主主义论》,《井冈山的斗争》,《论人民民主专政》,B
268,以毛泽东为主要代表的中国共产党人在实践中总结出来的关于中国革命道路问题的科学概念是（） ,农村包围城市思想,坚持党的领导思想,工农武装割据思想,党的基本路线思想,C
269,毛泽东建军思想的核心是（）,"坚持党对军队的绝
对领导","坚持全心全意为人民服务的军队

",坚持正确的战略原则,加强人民军队建设,A
270,我国对资本主义工商业的社会主义改造基本完成的标志是（   ）,加工订货的实行,单个企业公私合营的实现,统购包销的实行,全行业公私合营的实现,D
271,我国进入社会主义社会的时间是（    ）,中华人民共和国成立之后,全国土地改革基本完成之后,过渡时期总路线的提出之后,社会主义改造基本完成之后,D
272,我国建国初期属于(   ),新民主主义社会,社会主义社会,资本主义社会,半殖民地半封建社会,A
273,我国建国初期政权的性质是(   ),无产阶级专政,农民阶级专政,资产阶级专政,各革命阶级联合专政,D
274,在我国，剥削阶级和剥削制度被消灭的标志是(   ),中华人民共和国的建立,全国大陆的统一,社会主义改造的完成,土地改革的完成,C
275,一九五三年到一九五六年国内的主要矛盾是(   ),中国人民同国民党残余势力、地主阶级和帝国主义的矛盾,工人阶级同资产阶级的矛盾、社会主义道路同资本主义道路的矛盾,人民日益增长的物质文化生活需要同落后的社会生产之间的矛盾,帝国主义和中华民族的矛盾、封建主义同人民大众的矛盾,B
276,中国民族资产阶级在社会主义改造时期仍有两面性，其表现为(   ),革命性和妥协性,主动性和被动性,剥削工人的一面和接受党的领导的一面,进步性和顽固性,C
277,党在过渡时期总路线最显著的特点是(   ),实行社会主义建设和改造同时并举,用和平方法改造民族工商业,以实现社会主义工业化为主要目标,符合当时的基本国情，反映了新民主主义向社会主义转变的历史必然性,A
278,我国在对民族资本主义工商业实行全行业公私合营后采取的赎买政策是(   ),四马分肥,定息,加工订货、统购统销,国家资本主义,B
279,我国对民族资本主义工商业的社会主义改造的高级形式是(   ),委托加工,计划订货,统购包销、经销代销,全行业公私合营,D
280,三大改造的实质是(   ),实行农业合作化,建立国营经济,改变生产资料私有制,恢复国民经济,C
281,党在过渡时期的总路线和总任务是(    ),无产阶级领导的、人民大众的，反对帝国主义、封建主义、官僚资本主义的革命,在一相当长的时期内，逐步实现国家的社会主义工业化，并逐步实现国家对农业、手工业和资本主义工商业的社会主义改造,鼓足干劲，力争上游，多快好省地建设社会主义,以经济建设为中心，坚持四项基本原则，坚持改革开放，自力更生，艰苦创业，为把中国建设成富强、民主、文明的社会主义现代化国家而奋斗。,B
282,一九五三年提出的过渡时期总路线的过渡时期是指(   ),从中华人民共和国成立，到社会主义建成,从国民经济恢复，到社会主义改造完成,从中华人民共和国成立，到社会主义改造基本完成,从总路线提出起，到建成社会主义,C
283,一九五三年九月，毛泽东在对民主党派和工商界部分代表讲话时指出：改造资本主义工商业和逐步完成社会主义过渡的必经之路是(   ),剥夺资本家的财产,排挤私营工商业,国家资本主义,保护民族工商业,C
284,在社会主义改造中，中国共产党对资本主义工商业所采取的政策是(   ),利用,没收,限制,和平赎买,D
285,新中国在对资本主义工商业实行社会主义改造的过程中，在利润分配上采取的政策是(   ),统筹兼顾,劳资两利,公私兼顾,四马分肥,D
286,党的过渡时期总路线的主体是(   ),三大改造,社会主义革命和社会主义建设同时并举,社会主义工业化建设,对农业的社会主义改造,C
287,下面关于社会主义改造不正确的论述有(   ),社会主义改造的基本完成标志着社会主义制度在中国的确立,社会主义改造的基本完成实现了中国历史上最广泛最深刻的社会变革,社会主义改造的基本完成为中国的社会主义现代化建设奠定了基础,社会主义改造的基本完成标志中国已经建成了社会主义,D
288,党对农业的社会主义改造采取了循序渐进的步骤，逐步实现过渡。其中第二步是组织(   ),农业生产变工队,农业生产互助组,初级农业生产合作社,高级农业生产合作社,C
289,我国在对农业和手工业进行社会主义改造时采取的方针是(   ),积极领导、稳步前进,利用、限制、改造,和平赎买,自愿互利、典型示范和国家帮助,A
290,对资本主义工商业实行社会主义改造，使资本主义所有制过渡到社会主义公有制具有决定意义的重大步骤是(   ),委托加工,计划订货,统购包销,全行业公私合营,D
291,社会主义过渡时期总路线错误的说法是(   ),主要内容是“一化三改”,过渡时期结束的标志是社会主义改造结束,以单一的社会主义公有制为目标,以中国特色社会主义为目标,D
292,我国从新民主主义到社会主义的过渡时期，个体经济向社会主义集体经济过渡的形式是(   ),国营经济,私人资本主义经济,合作社经济,国家资本主义经济,C
293,中国历史上最深刻最大的社会变革是指（）,社会主义基本制度的确立,三大改造,新中国的成立,新民主主义革命,         A
294,在对资本主义工商业改造中，国家对资方在职人员和资方代理人所采取的原则是指（）,量才适用，适当照顾,改造,包下来,利用,         A
295,“工人革命的第一步就是使无产阶级上升为统治阶级，争得民主”出自以下哪一本著作（）,《关于农业生产互助合作的决议》,《共产党宣言》,《毛泽东文集》,"《关于党在过渡时期总路线的学习和宣传提纲》
",     B
296,社会主义改造中，中国共产党对待农民的方法是（）,引导、说服、教育,改造、教育,剥夺,引导、改造,  A
297,党的十八大提出建设中国特色社会主义的总体布局是（）,“两手抓”,“三位一体”,“四位一体”,“五位一体”,D
298,“五位一体”将勾勒出一幅（）的社会主义现代化强国壮美景象。,富强文明自由和谐美丽,富裕民主文明和谐美丽,富强民主文明和谐生态,富强民主文明和谐美丽,D
299,实现社会主义现代化和中华民族伟大复兴的中国梦，科学的发展理念和（）必不可缺。,发展战略,发展战术,发展思维,发展思想,A
300,新发展理念是是习近平新时代中国特色社会主义（）思想的主要内容。,经济,政治,文化,社会,A
301,坚持开放发展，就要努力提髙我国在全球经济治理中的（），构建广泛的利益共同体。,理论性话语权,制度性话语权,道路性话语权,文化性话语权,B
302,贯彻新发展理念、建设现代化经济体系必须坚持（）结构性改革。,供给侧,需求侧,全要素,全动能,A
303,只有推进供给侧结构性改革，提髙（）体系质量，才能推动经济高质量发展。,生产,供给,消费,需求,B
304,深化供给侧结构性改革，必须持续推进（），优化市场供求结构。,“一去一降一补”,“二去一降一补”,“三去一降一补”,“四去一降一补”,C
305,伴随中国特色社会主义进入新时代，我国经济已由高速增长阶段转向（）发展阶段。,高数量,高质量,高供给,高需求,B
306,只有形成现代化（）体系，才能更好顺应现代化发展潮流和赢得国际竞争主动，也才能为其他领域现代化提供有力支撑。,经济,政治,文化,社会,A
307,现阶段我国经济发展主要矛盾已转化成结构性问题，矛盾的主要方面在（  ）,增长侧,需求侧,供给侧,市场侧,C
308,建设现代化经济体系，必须建设创新引领、协同发展的（）。,产业体系,市场体系,收入分配体系,城乡区域发展体系,A
309,建设现代化经济体系，必须建设统一开放、竞争有序的（）。,产业体系,市场体系,收入分配体系,城乡区域发展体系,B
310,建设现代化经济体系，必须建设体现效率、促进公平的（）。,产业体系,市场体系,收入分配体系,城乡区域发展体系,C
311,建设现代化经济体系，必须建设彰显优势、协调联动的（）。,产业体系,市场体系,收入分配体系,城乡区域发展体系,D
312,建设现代化经济体系，必须建设资源节约、环境友好的（）。,产业体系,市场体系,绿色发展体系,城乡区域发展体系,C
313,建设现代化经济体系，必须建设多元平衡、安全髙效的（）。,产业体系,市场体系,绿色发展体系,全面开放体系,D
314,建设现代化经济体系，必须建设充分发挥市场作用、更好发挥政府作用的（）体制。,经济,政治,文化,社会,A
315,优化现代化经济体系的空间布局，必须实施好（）。,创新驱动发展战略,区域协调发展战略,科教兴国战略,人才强国战略,B
316,党的领导是人民当家作主和依法治国的（）。,基本保证,根本保证,基本特征,根本特征,B
317,人民当家作主是社会主义民主政治的（）。,基本保证,根本保证,基本特征,本质特征,D
318,依法治国是党领导人民治理国家的（）。,基本保证,根本保证,基本方式,根本方式,C
319,坚持党的领导，就要发挥党总揽全局、协调各方的（）作用。,领导核心,主要领导,基本领导,基础领导,A
320,（）是坚持党的领导、人民当家作主、依法治国有机统一的根本政治制度安排。,人民代表大会制度,中国共产党领导的多党合作和政治协商制度,民族区域自治制度,基层群众自治制度,A
321,中国共产党领导的多党合作和政治协商制度是我国的一项（）。,根本政治制度,基本政治制度,基础政治制度,基层政治制度,B
322,（）是社会主义协商民主的重要渠道和专门协商机构。,人大常委会,人民政协,纪委,统战部,B
323,完善基层群众自治制度，发展基层民主，是社会主义民主政治建设的（）。,根本,重点,核心,基础,D
324,巩固和发展爱国统一战线，必须牢牢把握（）的主题，找到最大公约数，画出最大同心圆。,大团结,大统一,大团结大联合,大团结大统一,C
325,建设中国特色社会主义文化，必须巩固（）在意识形态领域的指导地位，牢牢掌握意识形态工作领导权。,西方马克思主义,马克思主义,马克思主义哲学,马克思主义政治经济学,B
326,富强、民主、文明、和谐，自由、平等、公正、法治，爱国、敬业、诚信、友善，是社会主义核心价值观的（）。,基本追求,基本要求,基本精神,基本内容,D
327,富强、民主、文明、和谐，自由、平等、公正、法治，爱国、敬业、诚信、友善，是（）的集中体现。,当代中国精神,当代世界精神,传统中国精神,传统世界精神,A
328,社会主义核心价值观是（）的内核凝练和集中表达。,马克思主义理论体系,社会主义理论体系,社会主义思想体系,社会主义核心价值体系,D
329,培育和践行社会主义核心价值观，要把社会主义核心价值观融入（）各个方面。,政治生活,经济生活,文化生活,社会生活,D
330,在发展中保障和改善民生，就是要多谋民生之利、多解民生之忧，在发展中补齐民生短板、促进社会公平正义，抓民生要抓住人民最关心最直接最现实的（）问题。,房价,教育,利益,医疗,C
331,（）是人民生存的经济基础和基本保障，是最大的民生工程、民心工程、根基工程。,教育,医疗,就业,住房,C
332,社会治理的重心要向基层下移，落实到城乡（）。,街道,社区,楼道,居民,B
333,生态文明的核心是坚持（）和谐共生。,人与人,自然与自然,人与自然,人与环境,C
334,人与自然是生命共同体。我国积极推动绿色发展，促进人与自然（  ）,和谐共生,和谐共处,稳定发展,对立统一,A
335,全面建成小康社会是中国共产党的第（）个百年奋斗目标。,一,二,三,四,A
336,全面建成小康社会，更重要、更难做到的是（）。“小康”讲的是发展水平，“全面”讲的是发展的平衡性、协调性、可持续性。,全面,建成,小康,发展,A
337,全面建成小康社会，“小康”讲的是（）。,丰衣足食,国家富强,民族振兴,发展水平,D
338,全面小康，覆盖的领域要全面，是（）全面进步的小康。,“四位一体”,“五位一体”,“六位一体”,“七位一体”,B
339,全面建成小康社会，“全面”讲的是（）。,发展的平衡性、协调性、可持续性,总量和速度上完成了目标,多样性,发展水平,A
340,“小康不小康，关键看老乡”，“没有全民小康，就没有全面小康”的意思是：（）。,农村要领导小康社会建设,只要农村居民小康了，小康社会就实现了,全面小康需要得到农民认可,全面小康，覆盖的人口要全面，是惠及包括农民在内全体人民的小康。,D
341,新中国成立以来特别是改革开放以来，党带领人民进行了艰辛探索，创造了中国式现代化新道路，创造了（），实现了人类历史上前所未有的大变革。,共产主义新形态,历史的终结,人类文明新形态,社会主义新形态,C
342,党的十九大把（）和防范化解重大风险、污染防治一道作为决胜全面建成小康社会的三大攻坚战进行全面部署。,打造网络清朗空间,脱贫攻坚,金融安全,全方位外交,B
343,到2020年底，我国消除了（），完成了全面建成小康社会最艰巨最繁重的任务，为实现全面建成小康社会目标任务作出了关键性贡献、打下了坚实基础。,区域性贫困,绝对贫困 ,相对贫困,群体性贫困,B
344,要破解发展中面临的难题，化解来自各方面的风险挑战，推动经济社会持续健康发展，必须依靠（）。,全面建成小康社会,全面深化改革,全面依法治国,全面从严治党,B
345,坚持什么样的改革（），决定着改革的性质和最终成败,方向,目标,手段,措施,A
346,改革能否顺利推进，关键（）。,取决于人民的支持,取决于目标的坚定,取决于经济的发展,取决于党，取决于党的集中统一领导,D
347,党的（）全会通过了《中共中央关于全面深化改革若干重大问题的决定》，提出全面深化改革的总目标是完善和发展中国特色社会主义制度，推进国家治理体系和治理能力现代化。,十八大,十八届二中,十八届三中,十八届四中,C
348,国家治理体系和治理能力是一个国家的制度和制度执行能力的集中体现，两者（）。,是一样的,相辅相成,方向一致,对立统一,B
349,能否构建具有强大感召力的（），关系社会和谐稳定，关系国家长治久安。,领导核心,道德文化,社会风俗,核心价值观,D
350,（）是当代中国发展进步的活力之源，是坚持和发展中国特色社会主义的必由之路。,改革开放,党的领导,四项基本原则,人民主体地位,A
351,全面深化改革，整体推进、协同改革不是平均用力、齐头并进，也要注重抓主要矛盾和矛盾的主要方面，注重（）。,抓重要领域和关键环节,重要目标和重点领域,方向和措施,主要方面和关键节点,A
352,全面深化改革能否顺利推进，关键取决于党，取决于（）。,党内民主,党的反腐败事业,党的集中统一领导,党内法规建设,C
353,全面深化改革，坚持把改革的力度、（）和社会可承受的程度统一起来,发展的水平,发展的目标,发展的措施,发展的速度,D
354,新时代的全面深化改革具有许多新的内涵和特点，其中很重要的是（）分量更重。,问计于民,制度建设,经济指标,行政效能,B
355,全面深化改革要把（）作为正确处理改革发展稳定关系的结合点,提高生产力,改善人民生活,产生经济效益,国家综合实力,B
356,全面深化改革，必须坚定（）立场。,人民,党的,国家利益,社会主义,A
357,（）是中国特色社会主义的本质要求和重要保障。,全面建设社会主义现代化强国,全面深化改革,全面依法治国,全面从严治党,C
358,（）明确把依法治国确立为治理国家的基本方略，把建设社会主义法治国家确定为社会主义现代化建设的重要目标。,党的十四大,党的十五大,党的十六大,党的十七大,B
359,1999年3月，九届全国人大二次会议通过的《中华人民共和国宪法修正案》将（）正式写入宪法。,以法治国,依法制国,依法治国,依宪治国,C
360,2010年，中国已经形成了以（）为核心的中国特色社会主义法律体系，为改革开放和社会主义现代化建设提供了有力的法治保障。,民主,法律,法制,宪法,D
361,2014年十八届四中全会通过了（），明确提出全面推进依法治国，加快建设法治中国，开启了中国特色社会主义法治道路的新征程。,《关于全面推进依法制国若干重大问题的决定》,《关于全面推进依法治国若干重大问题的决定》,《关于全面推进以法治国若干重大关系问题的决定》,《关于全面推进依宪治国若干重大问题的决定》,B
362,（）是社会主义法治最根本的保证。,党的领导,公平正义,依法治国,社会和谐,A
363,建设中国特色社会主义法治体系，首先是（）。,加强法治专门队伍和法律服务队伍建设,要建立严密的法治监督体系,要完善以宪法为核心的中国特色社会主义法律体系,要加强党内法规制度建设,C
364,新时代党的建设总要求是坚持和加强党的全面领导，坚持党要管党、全面从严治党，以（）为主线。,加强党的长期执政能力建设、先进性和纯洁性建设,党的政治建设,坚定理想信念宗旨,调动全党积极性、主动性、创造性,A
365,新时代党的建设要以（）为统领。,思想建设,组织建设,作风建设,政治建设,D
366,党的政治建设是党的根本性建设，决定（）。,党的建设方向和效果,党的建设的目标和价值,党的建设的方向和价值,党的建设的途径和方法,A
367,党的政治建设的首要任务是（）。,坚定执行党的政治路线，严格遵守政治纪律和政治规矩,保证全党服从中央，坚持党中央权威和集中统一领导,要尊崇党章，严格执行新形势下党内政治生活若干准则,完善和落实民主集中制的各项制度，坚持民主基础上的集中和集中指导下的民主相结合,B
368,（）是党的基础性建设,政治建设,组织建设,思想建设,制度建设,C
369,（）的核心是保持党同人民群众的血肉联系。,作风建设,思想建设,组织建设,政治建设,A
370,严明党的纪律，首要的是严明（）纪律。,思想,组织,政治,生活,C
371,加强（）建设是全面从严治党的长远之策、根本之策。,思想,制度,组织,政治,B
372,党的干部是党和国家事业的中坚力量，党坚持党管干部原则，坚持正确选人用人导向，突出（），提拔重用忠诚干净担当的干部。,经济导向,文化素质,道德水平,政治标准,D
373,新时代党的好干部标准是（）。,信念坚定、为民服务、勤政务实、敢于担当、清正廉洁,有理想、有道德、有文化、有素质,年轻化、革命化、专业化,政治过硬、经济能干、文化素质高,A
374,党的（）通过了《中共中央关于党的百年奋斗重大成就和历史经验的决议》,十九大,十九届三中全会,十九届五中全会,十九届六中全会,D
375,党的第二个百年奋斗目标是（）,全面建成社会主义现代化强国,全面建成社会主义现化代国家,全面建设社会主义现代化强国,全面建设社会主义现代化国家,A
376,（）竞争是国家间根本的竞争。,文化,制度,科技,军事,B
377,我国国家制度和国家治理体系具有()个方面的显著优势,8,10,13,14,C
378,邓小平曾经指出，和平问题是东西问题，（）问题是南北问题。,战争,发展,稳定,经济发展,B
379,邓小平理论形成的时代背景是（）成为时代主题。,和平,发展,和平与发展,经济建设,C
380,“文革”结束后，党的（）重新确立解放思想、实事求是的思想路线。,十一届三中全会,十二大,十三大,十四大,A
381,邓小平在党的（）开幕词中首次明确提出中国特色社会主义这一命题。,十一大,十二大,十三大,十四大,B
382,党的十三大，第一次比较系统地论述了我国（）理论。,社会主义初级阶段,经济建设,政治体制改革,文化发展,A
383,"1984年党的十二届三中全会作出了《关于经济体制改革的决定》，
提出社会主义经济是公有制基础上的有计划的（）。",市场经济,商品经济,计划经济,社会主义市场经济,B
384,党的（）正式提出了“邓小平理论”这一概念。,十四大,十五大,十六大,十七大,B
385,我国社会主义初级阶段是（    ）。,任何国家进入社会主义都必然经历的起始阶段,特指我国在生产力落后，商品经济不发达条件下建设社会主义必然要经历的阶段,由新民主主义向社会主义过渡的阶段,由半殖民地、半封建社会向社会主义社会过渡的阶段,B
386,党的十三大报告提出党在社会主义初级阶段的（）。,基本路线,基本纲领,基本方针,基本政策,A
387,以经济建设为中心，回答了社会主义的（）问题。,根本目标,根本任务,本质特征,基本目标,B
388,坚持四项基本原则，回答了解放和发展生产力的（）问题。,政治保证,政治保障,理论前提,发展动力,A
389,坚持改革开放，回答了社会主义的（）和外部条件问题。,发展目标,发展动力,发展道路,发展方向,B
390,"“领导和团结全国各族人民”，这是实现社会主义现代化奋斗目标的
领导力量和（）。",基础力量,根源源泉,依靠力量,保障力量,C
391,自力更生、艰苦奋斗，这是实现社会主义初级阶段奋斗目标的（）。,基本前提,基本保证,根本立足点,根本着力点,C
392,我国社会主义初级阶段的主要矛盾是（    ）。,工人阶级与资产阶级之间的矛盾,人民日益增长的美好生活需要和落后的社会生产之间的矛盾,促进效率提高与体现社会公平之间的矛盾,人口增长与经济发展不相适应的矛盾,B
393,（）是社会发展的最根本的决定性因素。,生产力,生产关系,阶级斗争,劳动力,A
394,社会主义的根本任务是（）。,阶级斗争,发展,发展生产力,提高人民生活水平,C
395,把“和谐”与“富强民主文明”一起写入了社会主义初级阶段基本路线的是（    ）。,党的十七大,党的十六大,党的十五大,党的十四大,A
396,"把“美丽”与“富强民主文明和谐”一起写入了社会主义初级阶段
基本路线的是（    ）。",党的十七大,党的十六大,党的十五大,党的十八大,D
397,根据邓小平提出的“三步走”发展战略，我国到21世纪中叶的战略目标是（        ）。,全面建成小康社会,基本接近发达国家水平，生活比较富裕,基本实现现代化，达到中等发达国家的水平,物质文明与精神文明基本协调发展,C
398,改革是社会主义社会发展的（）。,直接动力,强大动力,力量源泉,内生动力,A
399,我国经济体制改革的核心问题是如何正确认识和处理（）的关系。,计划与市场,资本主义和社会主义,发展速度和效益,稳定与发展,A
400,“和平统一、一国两制”的核心是（）。,实行两种制度,坚持一个中国,和平统一,祖国统一,B
401,“一国两制”伟大构想的提出是从解决（）问题开始的。,香港,澳门,金门,台湾,D
402,“一国两制”伟大构想在实践中首先运用于解决（）问题、澳门问题。,香港,马祖,金门,台湾,A
403,建设中国特色社会主义，关键是坚持、加强和改善（）。,政府领导,市场作用,党的领导,人大政协作用,C
404,（）是中国特色社会主义理论体系的开篇之作。,毛泽东思想,邓小平理论,“三个代表”重要思想,科学发展观,B
405,邓小平曾经指出，实现现代化，关键是（）。,人才,科教兴国,科学技术,发展经济,C
406,（）是最根本的党规党法，各级党组织和每个党员都要按党章办事。,宪法,各种法律,党章,人民代表大会制度,C
407,（）是马列主义的精髓，是毛泽东思想的精髓，也是邓小平理论的精髓。,实事求是,解放思想,本本主义,阶级斗争,A
408,《论十大关系》形成于（  ）年,一九五六,一九五七,一九五八,一九五九,A
409,《论十大关系》以（）国为借鉴对象,日本,苏联,美国,英国,B
410,《论十大关系》确定的基本方针是（）,以苏为鉴,努力把党内党外、国内国外的一切积极的因素，直接的、间接的积极因素全部调动起来,以经济建设为中心,一个中心，两个基本点,B
411,判断人们的言论和行动是非的六条标准中最重要的一条（）是,经济发展,社会进步,人民生活水平的提高,有利于巩固共产党的领导，而不是摆脱或者削弱这种领导,D
412,毛泽东的（    ），初步总结了我国社会主义建设的经验，明确提出了以苏为鉴，独立自主地探索适合中国情况的社会主义建设道路。,《湖南农民运动考察报告》,《矛盾论》,《新民主主义论》,《论十大关系》,D
413,中国特色社会主义建设道路的探索始于（    ）。,毛泽东,邓小平,江泽民,胡锦涛,A
414,毛泽东提出的实现马克思主义与中国实际的“第二次结合”，就是要（    ）。,走出中国自己的社会主义革命道路,走出中国自己的社会主义建设道路,延续“第一次结合”的内容,弥补“第一次结合”的错误,B
415,中国共产党关于社会主义建设道路的探索是（    ）开始的。,从探索了工业化的道路后,在对苏联模式弊端已有认识的背景下,从对社会主义社会基本矛盾的认识基础上,从中国社会主义改造道路的实践中,B
416,体现社会主义建设道路初步探索的理论成果的重要著作是（    ）。,《中国社会各阶级的分析》和《湖南农民运动考察报告》,《实践论》和《矛盾论》,《新民主主义论》和《论人民民主专政》,《论十大关系》和《关于正确处理人民内部矛盾的问题》,D
417,毛泽东的（    ）一文标志着党探索中国社会主义建设道路的良好开端。,《实践论》,《新民主主义论》,《论人民民主专政》,《论十大关系》,D
418,最早专门系统论述社会主义社会的矛盾问题，并形成了社会主义社会矛盾的学说的无产阶级革命导师是（    ）。,马克思,列宁,斯大林,毛泽东,D
419,1957年毛泽东所作的系统论述社会主义社会矛盾的理论的报告是（    ）。,《实践论》,《矛盾论》,《论十大关系》,《关于正确处理人民内部矛盾的问题》,D
420,中国共产党的第八次全国代表大会是在（    ）年召开的。,一九四五,一九四九,一九五六,一九六六,C
421,1956年召开的党的代表大会是党的（    ）。,七大,八大,九大,十大,B
422,敌我矛盾和人民内部矛盾这两类性质完全不同的矛盾，是社会主义社会的矛盾在（    ）上的反映。,政治,经济,文化,生态,A
423,在社会主义社会，关于两类不同性质的矛盾的观点，正确的是（    ）。,敌我矛盾居于主导地位,人民内部矛盾居于主导地位,敌我矛盾和人民内部矛盾都居于主导地位,敌我矛盾和人民内部矛盾都不居于主导地位,B
424,毛泽东指出，解决人民内部矛盾的总方针是（    ）。,民主的方法,“团结—批评—团结”的方法,“百花齐放、百家争鸣”的方法,“长期共存、互相监督”的方法,A
425,根据《关于正确处理人民内部矛盾的问题》的分析，对于政治思想领域的人民内部矛盾，解决的具体方针是（    ）。,“团结—批评—团结”,“批评—团结—批评”,“团结—批评—批评”,“批评—团结—团结”,A
426,根据《关于正确处理人民内部矛盾的问题》的分析，对于物质利益、分配方面的人民内部矛盾，解决的具体方针是（    ）。,“团结—批评—团结”,统筹兼顾、适当安排,“百花齐放、百家争鸣”,“长期共存、互相监督”,B
427,根据《关于正确处理人民内部矛盾的问题》的分析，对于科学文化领域里的人民内部矛盾，解决的具体方针是（    ）。,“团结—批评—团结”,统筹兼顾、适当安排,“百花齐放、百家争鸣”,“长期共存、互相监督”,C
428,根据《关于正确处理人民内部矛盾的问题》的分析，对于科学文化领域里的人民内部矛盾，解决的具体方针是（    ）,“百花齐放、百果飘香”,“百花齐放、百家争鸣”,“百果飘香、百家争鸣”,“百家争鸣、百舸争流”,B
429,根据《关于正确处理人民内部矛盾的问题》的分析，对于共产党和民主党派的人民内部矛盾，解决的具体方针是（    ）。,“团结—批评—团结”,统筹兼顾、适当安排,“百花齐放、百家争鸣”,“长期共存、互相监督”,D
430,根据《关于正确处理人民内部矛盾的问题》的分析，对于民族之间的人民内部矛盾，解决的具体方针是（    ）。,民族平等、团结互助,汉族至上、少数民族次之,少数民族至上、汉族次之,责任均等、各打五十大板,A
431,中国共产党很早就重视国家的工业化问题，早在（    ）时期，毛泽东就指出，中国的民族独立有巩固的保障，就必须工业化。,大革命,土地革命,抗日战争,解放战争,C
432,在（    ）一文中，毛泽东明确提出要走一条有别于苏联的中国工业化的道路。,《新民主主义论》,《论人民民主专政》,《论十大关系》 ,《关于正确处理人民内部矛盾的问题》,D
433,社会主义改造完成进入全面社会主义建设时期，为逐步建立独立的比较完整的基础工业体系和国防工业体系，我们把（    ）作为我国经济建设的重点。,重工业,轻工业,农业,服务业,A
434,社会主义建设时期，毛泽东提出了以农业为基础，以工业为主导，以（    ）为序的发展国民经济的总方针。,农轻重,农重轻,重农轻,重轻农,A
435,社会主义建设时期，关于所有制结构的调整，提出要注意发展手工业和农业多种经营的思想的党和国家领导人是（    ）。,毛泽东,刘少奇,周恩来,朱德,D
436,社会主义建设时期，提出“三个主体、三个补充”设想的党和国家领导人是（    ）。,毛泽东,周恩来,陈云,邓小平,C
437,社会主义建设时期，提出“两参一改三结合”思想的党和国家领导人是（    ）。,毛泽东,周恩来,陈云,邓小平,A
438,社会主义建设时期，提出“我们的目标，是想造成一个又有集中又有民主，又有纪律又有自由，又有统一意志，又有个人心情舒畅、生动活泼，那样一种政治局面，以利于社会主义革命和社会主义建设”思想的党和国家领导人是（    ）。,毛泽东,刘少奇,周恩来,朱德,A
439,社会主义建设时期，党和毛泽东提出了实现四个现代化的宏伟目标，并强调实现四个现代化关键在于（    ）。,农业现代化,工业现代化,国防现代化,科学技术现代化,D
440,社会主义建设时期，关于科学和教育，提出实行“两种劳动制度、两种教育制度”设想的党和国家领导人是（    ）,毛泽东,刘少奇,周恩来,朱德,B
441,社会主义建设时期，提出知识分子是工人阶级一部分的观点的党和国家领导人是（    ）。,毛泽东,刘少奇,周恩来,朱德,C
442,社会主义民主的本质是（    ）。,人民当家作主,公民当家作主,工人当家作主,农民当家作主,A
443,我国社会主义制度建立以后，在全党和全国工作重心（    ）的时候，面临着一个如何认识和处理社会主义社会矛盾的问题。,由革命转向改造,由革命转向建设,由革命转向改革,由建设转向改革,B
444,新中国的工业化是在（    ）的影响下起步的。,英国,美国,日本,苏联,D
445,社会主义建设时期，提出要建立“适合于我国情况和人民需要的社会主义市场”的思想的党和国家领导人是（    ）。,毛泽东,刘少奇,陈云,邓小平,C
446,社会主义建设时期，党提出了“向科学进军”的口号，强调实现四个现代化关键在于科学技术现代化，要实行（    ）的科技发展战略，努力赶超世界先进水平。,全面发展、步步跟上,全面发展、迎头赶上,重点发展、步步跟上,重点发展、迎头赶上,D
447,社会主义建设时期，提出“我们的教育方针，应该使受教育者在德育、智育、体育几方面都得到发展，成为有社会主义觉悟的有文化的劳动者”的教育思想的党和国家领导人是（    ）。,毛泽东,刘少奇,周恩来,朱德,A
448,中国共产党的指导思想是（  ）。,马克思主义,列宁主义,马克思列宁主义,毛泽东思想,C
449,中国革命和建设取得成功的根本经验是（  ）。,独立自主、自力更生,把马克思主义与中国具体实际相结合,武装斗争、党的建设、统一战线,群众路线,B
450,（  ）会议确立了毛泽东在全党的实际领导地位。,八七会议,中共七大,遵义会议,党的六届六中全会,C
451,（  ）会议正式将毛泽东思想确立为党的指导思想并写入党章。,中共七大,党的六届六中全会,中共八大,遵义会议,A
452,中国共产党推进马克思主义中国化过程中的第一个重大理论成果是（  ）。,中国特色社会主义理论体系,毛泽东思想,邓小平理论,新民主主义革命理论,B
453,在中国共产党的历史上，（  ）第一个明确提出了“马克思主义中国化”的命题。,李大钊,陈独秀,毛泽东,刘少奇,C
454,（  ）实现了马克思主义中国化的第一次历史性飞跃。,中国特色社会主义理论体系,新民主主义革命理论,邓小平理论,毛泽东思想,D
455,毛泽东思想产生和形成的实践基础是(  )。,中国共产党领导的工人运动,中国共产党领导的革命和建设实践,中国共产党领导的学生运动,中国共产党领导的农民运动,B
456,（  ）为中国送来了马克思列宁主义，帮助中国的先进分子用无产阶级的世界观作为观察国家命运的工具。,共产国际,俄国十月革命的胜利,明治维新,欧洲1848年革命,B
457,毛泽东思想是在总结（  ）的基础上，逐步形成和发展起来的。,中国革命的历史经验,中国建设的历史经验,中国革命和建设正反两方面历史经验,苏联经验,C
458,毛泽东称之为“改变了整个世界历史的方向，划分了整个世界历史的时代”的是（  ）。,欧洲1848年革命,共产国际建立,苏联建国,俄国十月革命的胜利,D
459,毛泽东思想紧紧围绕的主题是（  ）。,中国革命,社会主义建设,中国革命和建设,中国建设和改革,C
460,（  ）是毛泽东思想达到成熟的主要标志。,新民主主义革命理论,社会主义革命理论,社会主义建设理论,军事战略理论,A
461,毛泽东思想的精髓和根本出发点是（ ）,实事求是,群众路线,独立自主,党的建设,A
462,毛泽东规定了（  ）是人民军队的唯一宗旨。,一切从实际出发,全心全意为人民服务,密切联系群众,理论联系实际,B
463,我们党一切行动的根本出发点和落脚点是（  ）,密切联系群众,理论联系实际,全心全意为人民服务,实事求是,C
464,我们党区别于其他一切政党的根本标志是（  ),密切联系群众,理论联系实际,独立自主、自力更生,全心全意为人民服务,D
465,毛泽东规定了（  ）的军事原则。,枪指挥党,党枪一致,党联系枪,党指挥枪,D
466,毛泽东指出（  ）是党的生命。,创新和突破,服务和信念,政策和策略,战略和方法,C
467,毛泽东提倡，知识分子要同（  ）相结合。,工人,生产,实践,工农,D
468,毛泽东指出，（  ）是一个根本的问题，原则的问题。,理论学习的问题,为什么人的问题,理想的问题,信念的问题,B
469,毛泽东提出，党员不但要在组织上入党，而且要在（  ）上入党。,思想,行动,觉悟,精神,A
470,毛泽东创造了全党通过（  ）进行马克思列宁主义思想教育的整风形式。,批判与斗争,批评与激励,反思与辩论,批评与自我批评,D
471,毛泽东多次要求全党警惕资产阶级思想的侵蚀，反对脱离群众的（）。,官僚主义,主观主义,享乐主义,本本主义,A
472,毛泽东晚年的错误是由于违反了他自己主张的（  ）原则。,理论联系实际,实事求是,艰苦奋斗,独立自主,B
473,毛泽东思想包含毛泽东一生中（  ）。,全部的探索,早年的经验,错误的部分,正确的部分,D
474,毛泽东思想是（  ）。,毛泽东的全部思想,毛泽东的理论探索,毛泽东的实践经验,中国共产党集体智慧的结晶,D
475,中国共产党始终是中国工人阶级的先锋队，同时是（　 ）。,全体劳动者的先锋队 ,中华民族的先锋队,中国人民的先锋队 ,中国人民和中华民族的先锋队,D
476,中国共产党的最高理想和最终目标是（   ）。,全面建成小康社会,建设社会主义和谐社会,实现社会主义现代化,实现共产主义,D
477,中国共产党的宗旨是(    )。,推动政治建设　,搞好经济建设 ,全心全意为人民服务,发展文化,C
478,（    ）是历史的创造者，是推动历史进步的动力。,人民群众,伟大领袖,统治阶级,思想家,A
479,中国共产党以（    ）为理论基础和行动指南。,社会主义,马克思主义,资本主义,封建主义,B
480,社会主义现代化建设的根本保证是(  )。,坚持经济建设为中心,坚持党政分开,坚持改革开放,坚持中国共产党的领导,D
481,（    ）是出卷人，党是答卷人。,时代,人民,中国共产党,穷人,A
482,（    ）是中国特色社会主义事业的领导核心。,工人,人民,中国共产党,知识分子,C
483,“四个伟大”中，（    ）是目标，指引前进方向。,伟大斗争,伟大工程,伟大事业,伟大梦想,D
484,"“四个伟大”中，（    ）是手段,目标激发前进动力。",伟大斗争,伟大工程,伟大事业,伟大梦想,A
485,“四个伟大”中，（    ）是保障，提供前进保证。,伟大斗争,伟大工程,伟大事业,伟大梦想,B
486,“四个伟大”中，（    ）是主题，开辟前进道路。,伟大斗争,伟大工程,伟大事业,伟大梦想,C
487,“四个伟大”中，起决定性作用的是（    ）,具有新的历史特点的伟大斗争,中国特色社会主义伟大事业,实现中华民族伟大复兴的伟大梦想,党的建设伟大工程,D
488,(      )是最高政治领导力量。,国家,全国人民代表大会,党,领袖,C
489,（    ）立场是中国共产党的根本立场。,马克思主义,人民,社会主义,共产主义,B
490,中国共产党要善于研究实践中不断出现的新问题、善于在实践中增长解决问题的新本领，这要求中国共产党必须建设（     ）政党。,改革型,服务型,创新型,学习型,D
491,确保党始终总揽全局、协调各方，必须增强“四个意识”。“四个意识”是指（    ）,思想意识、大局意识、核心意识、看齐意识。,政治意识、全局意识、核心意识、看齐意识。,政治意识、大局意识、核心意识、统一意识。,政治意识、大局意识、核心意识、看齐意识。,D
492,中国共产党坚持执政为民，把（    ）作为我们的奋斗目标。,全体人民的共同富裕,人民对美好生活的向往,社会的公平正义,构建社会主义和谐社会,B
493,中国共产党的最高理想和最终目标是（    ）,实现共产主义,带领人民共同富裕,长期执政,构建人类命运共同体,A
494,进入21世纪，国际形势发生广泛而深刻的变化，但（）仍是时代主题。,和平,发展,民主,和平与发展,D
495,（  ）的一个重要标志是互联网的飞速发展和广泛应用。,经济全球化,文化多样化,社会信息化,世界多极化,C
496,中国独立自主的和平外交政策，就是把国家主权和（）放在第一位。,稳定,安全,发展,进步,B
497,维护世界（）、促进共同发展，是中国外交政策的宗旨。,和平,安全,稳定,和谐,A
498,中国倡导的新型国际关系，核心是维护（）。,世界上所有国家利益,联合国宪章的宗旨和原则,世界稳定,世界和平,B
499,推动建立新型国际关系，要在（）基础上发展同世界各国的友好合作。,平等互利,共建共享,和平共处五项原则,互利共赢,C
500,发展是第一要务，适用于各国，而人类命运共同体追求的是（）。,和平发展,共同发展,科学发展,协调发展,B
501,文化已成为国家核心竞争力的重要组合部分，越来越多的国家把提高（）作为重要发展战略。,教育水平,国民素质,国民受教育水平,文化软实力,D
502,当前全球政治经济版图正在发生改变的一个重要标志是新兴市场国家和（）集体性崛起。,第三世界国家,亚洲国家,中国,发展中国家,D
503,20世纪90年代以来，全球资本的跨国流动迅速加快的一个重要原因是（）。,冷战结束,信息技术取得突破并广泛应用,经济金融化,资本管制的取消,B
504,中国始终把坚决维护国家主权、安全、（）作为外交工作的基本出发点和落脚点。,发展权,发展利益,经济利益,政治利益,B
505,推动建立新型国际关系，要积极参与（）改革和建设。,全球经济秩序,全球政治秩序,全球治理体系,全球政治与经济秩序,C
506,各国都有平等参与地区安全事务的权利，也都有维护地区安全的义务，要以（）、互利合作的方式解决安全难题。,和而不同,彼此理解,对话协商,对话交流,C
507,党的十八大以来，以习近平同志为核心的党中央创新国家安全理念，统揽国家安全全局，创造性提出总体国家安全观。总体国家安全观突出的是“（）”理念。,总体,大安全,综合,非传统安全,B
508,（）是人民幸福安康的基本要求。,人民自由,政治稳定,国家安全,经济发展,C
509,坚持总体国家安全观，必须以（）为宗旨。,人民安全,政治安全,经济安全,国土安全,A
510,坚持总体国家安全观，必须以（）为根本。,人民安全,政治安全,经济安全,国土安全,B
511,坚持()，是做好国家安全工作的根本原则，是维护国家安全和社会安定的根本保证。,党的绝对领导,以人民为中心,依法执政,提高国家竞争力,A
512,“黑天鹅”事件是指（）的事件。,概率很大但风险很小,概率很大风险也很大,概率很小风险也很小,概率很小但风险很大,D
513,“灰犀牛”事件是指（）的事件。,概率很大但风险很小,概率很大风险也很大,概率很小风险也很小,概率很小但风险很大,B
514,习近平强军思想深刻回答了（）的时代课题。,新时代建设一支什么样的强大人民军队、怎样建设强大人民军队,军队建设与发展,党指挥枪,军队中的改革,A
515,习近平指出，强国必须强军，巩固国防和强大人民军队是新时代坚持和发展中国特色社会主义、实现中华民族伟大复兴的（）。,重要保障,战略支撑,重要前提,基本条件,B
516,党在新时代的强军目标是力争到（）年基本实现国防和军队现代化，到本世纪中叶把人民军队全面建成世界一流军队。,2020,2030,2035,2050,C
517,党对军队的绝对领导是人民军队（），必须全面贯彻党领导军队的一系列根本原则和制度，确保部队绝对忠诚、绝对纯洁、绝对可靠。,建军之魂、强军之本,建军之基、立军之本,建军之本、强军之魂,立军之本，发展之魂,C
518,军队是要准备打仗的，必须聚焦能打仗、打胜仗，创新发展军事战略指导，构建（）体系。,现代化军事,高科技作战,高水平、强能力军事,中国特色现代作战,D
519,()是我军鲜明特色和政治优势，必须加强作风建设、纪律建设，坚定不移正风肃纪、反腐惩恶。,敢打硬仗,作风优良,忠诚,能打胜仗,B
520,在长期实践中，我军培育和形成了一整套光荣传统和优良作风，要大力弘扬我党我军光荣传统和优良作风，永葆人民军队（）。,性质、宗旨、本色,战斗能力,本色,高科技水平,A
521,现代化军队必须构建（），推进治军方式根本性转变，提高国防和军队建设法治化水平。,高科技军事体系,中国特色军事法治体系,创新体系,先进军事体系,B
522,推进强军事业，必须毫不动摇坚持党对军队的（），确保人民军队永远听党话、跟党走。,绝对指挥,绝对领导,设计和规划,谋划和指挥,B
523,党对军队绝对领导的根本原则和制度，发端于()，是人民军队完全区别于一切旧军队的政治特质和根本优势。,三湾改编,南昌起义,古田会议,遵义会议,B
524,历史告诉我们，（）是保持人民军队本质和宗旨的根本保障，这是我们党在血与火的斗争中得出的颠扑不破的真理。,党指挥枪,自主自立,政治协商,中国共产党,A
525,军队必须完全地无条件地置于中国共产党的领导之下，军队最高领导权和指挥权属于（）。,党中央,广大人民,党中央、中央军委,中央军委,C
526,（）是党对军队绝对领导的最高实现形式。,军委主席负责制,国家主席负责制,首长负责制,党委负责制,A
527,强军要把（）作为唯一的根本的标准，无论过去、现在和将来，这个标准始终是军事领域衡量利弊得失的重要标准。,保家卫国,爱国敬业,战斗力,从严治军,C
528,习近平强调：“谁牵住了（）这个‘牛鼻子’，谁走好了这步先手棋，谁就能占领先机、赢得优势。”,改革开放,科技创新,社会治理,生产力,B
529,构建（）是建设世界一流军队的力量基础。总体来说，就是要建设现代化陆军、海军、空军、火箭军、战略支援部队和武警部队，促进各军兵种力量协调发展。,中国特色社会主义,中国特色现代军事力量体系,强军机制,科技体系,B
530,火箭军是我国战略威慑的核心力量，要按照（）的原则，着力提高战略威慑与核反击和中远程精确打击能力。,重视核武器,发展常规力量,联合作战,核常兼备、全域慑战,D
531,人民军队的生命力在于战斗力。新形势下人民军队的职能使命不断拓展，但作为（）的根本职能始终没有变。,先遣队,先锋队,战斗队,保卫队,C
532,坚持（）和强军相统一是我们党的一贯主张。,富国,改革,开放,社会发展,A
533,江泽民指出，我国现代化建设的一条重要经验，就是坚持国防建设与经济建设协调发展的方针，在()的基础上推进国防和军队现代化。,社会发展,经济发展,自强不息,以人为本,B
534,（）是我国现代化建设的战略任务，只有把它搞上去了，经济建设才能有更加坚强的安全保障。,社会建设,科技建设,文化建设,国防建设,D
535,走（）发展路子，是实现富国和强军统一的重要途径。,高科技军事体系,两化融合,军民融合式,国防建设,C
536,军政军民团结是实现富国和强军相统一的重要政治保障，是我党我军特有的政治优势，要坚持（）的战略思想。,人民战争,和谐团结,社会发展,科技进步,A
537,为增强打赢未来战争的国防潜力，一定要建立健全（）体制机制，深化民兵预备役体制改革，优化后备力量规模、结构和布局。,预备役,人民战争,国防动员,战时动员,C
538,加强国防教育，增强（）观念，使关心国防、热爱国防、建设国防、保卫国防成为全社会的思想共识和自觉行动。,国防,保卫国防,保家卫国,全民国防,D
539,“一国两制”就是在统一的国家之内，国家主体实行社会主义制度，()依法实行资本主义制度。,自治区,部分地区,个别地区,香港澳门,C
540,全面准确贯彻“一国两制”，必须落实中国对特别行政区的全面（）,管理权,管治权,治理权,主权,B
541,全面准确贯彻“一国两制”，必须聚焦发展这个第一要务，推动（）融入国家发展大局。,港澳,粤港澳,港澳台,台湾,A
542,全面准确贯彻“一国两制”，必须坚持（）治港治澳原则,本地人,专业人士,爱国者,人民,C
543,2020年6月，十三届全国人大常委会第二十次会议通过（），并将其列入香港基本法附件三。,《全国人民代表大会关于建立健全香港特别行政区维护国家安全的法律制度和执行机制的决定》,《中华人民共和国香港特别行政区维护国家安全法》,《全国人民代表大会关于完善香港特别行政区选举制度的决定》,《香港特别行政区行政长官的产生办法》,B
544,两岸同属一个国家、两岸同胞同属一个民族，中国的（）从未分裂。,主权和治权,主权和国际承认,主权和领土完整,主权和国家认同,C
545,（）损害国家主权和领土完整，是两岸关系和平发展的最大障碍，是台海和平稳定的最大威胁。,民进党,“台独”分裂势力及其活动,外来干涉,美国霸权主义行径,B
546,“在海峡两岸共同努力谋求国家统一的过程中，双方虽均坚持一个中国的原则，但对于一个中国的涵义，认知各有不同。”这是（）关于“九二共识”的表述。,海基会,海协会,民进党,国民党,A
547,"按照“三个代表”要求全面加强党的建设,根本目的就在于保证我们党能够始终保持：",先进性,同人民群众的血肉联系,代表性,正确性,B
548,贯彻“三个代表”要求，关键在坚持与时俱进，核心在保持党的先进性，本质在坚持（）。,科学发展观,以人为本,执政为民,立党为公,C
549,将“三个代表”重要思想与马克思列宁主义、毛泽东思想和邓小平理论一道确立为党必须长期坚持的指导思想，并写入党章。,十五大,十六大,十七大,十四大,B
550,江泽民指出，（）是决定一个政党、一个政权兴亡的根本性因素。,人民利益,执政水平,人心向背,生产力,C
551,党的一切工作，必须以最广大人民的根本利益为最高标准。任何时候都必须坚持尊重社会发展规律与尊重()的一致性。,人民历史主体地位,最广大人民根本利益,各阶层人民的根本利益,人民群众的根本利益,A
552,党要承担起推动中国社会进步的历史责任，必须始终紧紧抓住()这个执政兴国的第一要务,创新,发展,和谐,改革,B
553,党的()正式把建立社会主义市场经济体制确立为我国经济体制改革的目标。,十三大,十四大,十五大,十六大,B
554,()全会通过的《关于建立社会主义市场经济体制若干问题的决定》，勾画了建立社会主义市场经济体制的蓝图和基本框架。,十四届三中全会,十四届二中全会,十四届六中全会,十四届五中全会,A
555,建立社会主义市场经济体制，必须坚持和完善公有制为主体、多种所有制经济（）的社会主义基本经济制度。,并存,共同发展,相互促进,协同发展,B
556,要在更大程度上发挥市场在资源配置中的基础性作用，健全（）的现代市场体系，促进商品和生产要素在全国市场自由流动。,开放、和谐、创新、发展,统一、开放、竞争、有序,竞合、包容、互利、互惠,自由、平等、和谐、共处,B
557,江泽民对全面建设小康社会、实现第三步战略目标进行了前瞻性的战略思考。他在党的（）报告中初步勾画了实现第三步战略目标的蓝图：,十三大,十四大,十五大,十六大,C
558,十五届五中全会进一步提出，从（）开始，我国将进入全面建设小康社会、加快推进社会主义现代化的新的发展阶段。,二十世纪前十年,建党一百年,建国一百年,新世纪,D
559,建设社会主义政治文明涉及政治思想、政治制度、（）、法制建设等方面，是一个系统工程。,体制改革,行政管理,社会治理,政治生态,B
560,在建设社会主义政治文明过程中，依法治国是党领导人民治理国家的()。,本质要求,重要前提,基本方略,核心问题,C
561,依法治国，是党领导人民治理国家的基本方略，是发展社会主义市场经济的客观需要，是（）的重要标志，是国家长治久安的重要保障。,社会文明进步,社会发展,文明演进,社会历史发展,A
562,依法治国，要适应社会主义市场经济发展、社会全面进步的新形势，加强（），提高（），形成中国特色社会主义法律体系。,立法工作、工作质量,立法质量、执法工作,立法水平、立法建设,立法工作、立法质量,D
563,政治体制改革要着重加强()，实现社会主义民主政治的制度化、规范化和程序化。,社会建设,司法建设,制度建设,执法建设,C
564,发展社会主义民主政治，必须在坚持（）的前提下，继续积极稳妥地推进政治体制改革,邓小平思想,毛泽东理论,四项基本原则,改革开放,C
565,坚持中国共产党的领导，就是要坚持党在建设中国特色社会主义事业中的（）地位，发挥党总揽全局、协调各方的作用。,政治,重要,领导核心,思想领导,C
566,推进党的建设新的伟大工程要求我们：一定要坚持党要管党、从严治党的方针，进一步解决提高党的领导水平和()、提高拒腐防变和抵御风险能力这两大历史性课题,执行能力,执政能力,建设能力,管理能力,B
567,从严治党，最根本的就是党的各级组织和全体党员、干部，都要做到严格按照（）办事，按照党内政治生活准则和党的各项规定办事。,党章,执政能力,方针,条例,A
568,坚决反对和防止腐败是全党一项重大的政治任务，是关系党和国家生死存亡的（）。,重大问题,政治问题,思想问题,严重政治斗争,D
569,坚持和完善反腐败领导体制和工作机制，认真落实()，形成防止和惩治腐败的合力。,党风廉政建设责任制,三讲教育,腐败教育,各项监督,A
570,“三个代表”重要思想是中国特色社会主义理论体系的重要组成部分。始终做到“三个代表”，是我们党的立党之本、（）、力量之源。,发展之基,执政之基,创新之力,建党之旨,B
571,“三个代表”重要思想坚持把人民的根本利益作为出发点和归宿，提出“（）的利益是最紧要和最具有决定性的因素”。,人民,多数人,最大多数人,全体公民,C
572,"“三个代表”重要思想强调要努力促进(),这同推进经济、文化的发展和改善人民物质文化生活，是互为前提和基础的。",以人为本,科学发展,执政为民,人的全面发展,D
573,“三个代表”重要思想，形成了崭新的马克思主义建党学说，回答了我们党（）一个重大历史性问题。,建设成为一个什么样的党和怎样建设党,如何执政,如何发展,如何创新,A
574,“三个代表”重要思想把发展先进生产力、发展先进文化和实现最广大人民的根本利益统一起来，从深层次上揭示了（）。,社会主义的本质,社会主义制度不断完善和发展的途径,社会主义核心价值观,如何建设社会主义,B
575,始终代表中国最广大人民的根本利益，强调以人民群众的利益、要求和实践为最高价值标准和评价标准，体现了我们党的（）和我们国家的（）。,宗旨、性质,目标、追求,价值观、宗旨,水平、体制,A
576,在“三个代表”重要思想的指导下，我们党和国家推进社会主义()改革，进一步消除了束缚生产力发展的体制性障碍,计划经济,市场经济,机制体制,政治体制,B
577,"在“三个代表”重要思想的指导下,积极稳妥地推进政治体制改革，建设社会主义（），促进了社会主义政治制度的自我完善和发展。",精神文明,政治文明,物质文明,生态文明,B
578,“三个代表”重要思想提出了党的建设的新要求，必须使全党始终保持（）的精神状态，不断开拓马克思主义理论发展的新境界。,求真务实,实事求是,积极创新,与时俱进,D
579,“三个代表”重要思想从新的高度提出必须改进党的领导方式和执政方式，既保证党委的（）作用，又充分发挥人大、政府、政协以及人民团体和其他方面的职能作用。,领导核心,带头,引导,各项监督,A
580,“三个代表”重要思想反映了当代世界和中国的发展变化对党和国家工作的新要求，是加强和改进党的建设、推进我国社会主义自我完善和发展的强大理论武器，是党和国家必须长期坚持的（）。,核心思想,指导思想,根本思想,积极思想,B
581,党的（）报告首次提出“中国特色社会主义理论体系”的科学概念。,十五大,十六大,十七大,十八大,C
582,在当代中国，坚持发展是硬道理的本质要求，就是坚持（）。,科学发展,协调发展,可持续发展,全面发展,A
583,科学发展观，第一要义是（）。,增长,发展,科学发展,协调,B
584,（）是解决中国一切问题的“总钥匙”。,经济,发展,进步,增长,B
585,科学发展观的核心立场是（）。,为人民服务,以人为本,科学发展,以人民为中心,B
586,科学发展观的根本方法是（）。,统筹经济社会发展,统筹城乡发展,统筹兼顾,科学发展,C
587,科学发展观的基本要求是（）。,以人为本,统筹兼顾,全面发展,全面协调可持续,D
588,科学发展中强调的以人为本的“人”是指（）。,人民群众,农民,工人,知识分子,A
589,坚持以人为本，最终是为了实现（）。,经济的更快发展,人的全面发展,社会协调,共产主义,B
590,科学发展观强调，（）是加快转变经济发展方式的关键。,实施创新驱动发展战略,掌握关键性的核心技术,社会和谐,全面深化经济体制改革,D
591,科学发展观强调，（）是解决“三农”问题的根本途径。,推动城乡一体化,推进城镇化,加快农民市民化,推动农村工业化,A
592,（）是社会主义的生命。,社会稳定,人民民主,依法治国,以德治国,B
593,社会主义民主的本质和核心是（）。,协商民主,人民当家做主,党的领导,依法治国,B
594,（）是民族的血脉，是人民的精神家园。,文化,汉字,语言,意识形态,A
595,（）是中国特色社会主义的本质属性。,经济发达,政治清明,文化丰富,社会和谐,D
596,（）是人和社会持续发展的根本基础。,良好生态环境,丰富的物质基础,先进文化,发达的科学技术,A
597,（）是党领导的事业不断取得胜利的重要法宝。,党的建设,军队建设,反腐倡廉建设,政治建设,A
598,（）建设是党执政后的一项根本建设。,作风建设,执政能力,思想建设,组织建设,B
599,（）是马克思主义政党自身建设的本质属性。,革命性,纯洁性,斗争性,先进性,D
600,（）是兴国之魂，决定着中国特色社会主义发展方向。,社会主义文化,先进文化,传统文化,社会主义核心价值体系,D
601,（）是人类文明进步的基础。,科学技术,文化,资源,发展,D
602,党的十八大提出建设中国特色社会主义的总体布局是（）,“两手抓”,“三位一体”,“四位一体”,“五位一体”,D
603,“五位一体”将勾勒出一幅（）的社会主义现代化强国壮美景象。,富强文明自由和谐美丽,富裕民主文明和谐美丽,富强民主文明和谐生态,富强民主文明和谐美丽,D
604,实现社会主义现代化和中华民族伟大复兴的中国梦，科学的发展理念和（）必不可缺。,发展战略,发展战术,发展思维,发展思想,A
605,新发展理念是是习近平新时代中国特色社会主义（）思想的主要内容。,经济,政治,文化,社会,A
606,坚持开放发展，就要努力提髙我国在全球经济治理中的（），构建广泛的利益共同体。,理论性话语权,制度性话语权,道路性话语权,文化性话语权,B
607,贯彻新发展理念、建设现代化经济体系必须坚持（）结构性改革。,供给侧,需求侧,全要素,全动能,A
608,只有推进供给侧结构性改革，提髙（）体系质量，才能推动经济高质量发展。,生产,供给,消费,需求,B
609,深化供给侧结构性改革，必须持续推进（），优化市场供求结构。,“一去一降一补”,“二去一降一补”,“三去一降一补”,“四去一降一补”,C
610,伴随中国特色社会主义进入新时代，我国经济已由高速增长阶段转向（）发展阶段。,高数量,高质量,高供给,高需求,B
611,只有形成现代化（）体系，才能更好顺应现代化发展潮流和赢得国际竞争主动，也才能为其他领域现代化提供有力支撑。,经济,政治,文化,社会,A
612,现阶段我国经济发展主要矛盾已转化成结构性问题，矛盾的主要方面在（  ）,增长侧,需求侧,供给侧,市场侧,C
613,建设现代化经济体系，必须建设创新引领、协同发展的（）。,产业体系,市场体系,收入分配体系,城乡区域发展体系,A
614,建设现代化经济体系，必须建设统一开放、竞争有序的（）。,产业体系,市场体系,收入分配体系,城乡区域发展体系,B
615,建设现代化经济体系，必须建设体现效率、促进公平的（）。,产业体系,市场体系,收入分配体系,城乡区域发展体系,C
616,建设现代化经济体系，必须建设彰显优势、协调联动的（）。,产业体系,市场体系,收入分配体系,城乡区域发展体系,D
617,建设现代化经济体系，必须建设资源节约、环境友好的（）。,产业体系,市场体系,绿色发展体系,城乡区域发展体系,C
618,建设现代化经济体系，必须建设多元平衡、安全髙效的（）。,产业体系,市场体系,绿色发展体系,全面开放体系,D
619,建设现代化经济体系，必须建设充分发挥市场作用、更好发挥政府作用的（）体制。,经济,政治,文化,社会,A
620,优化现代化经济体系的空间布局，必须实施好（）。,创新驱动发展战略,区域协调发展战略,科教兴国战略,人才强国战略,B
621,党的领导是人民当家作主和依法治国的（）。,基本保证,根本保证,基本特征,根本特征,B
622,人民当家作主是社会主义民主政治的（）。,基本保证,根本保证,基本特征,本质特征,D
623,依法治国是党领导人民治理国家的（）。,基本保证,根本保证,基本方式,根本方式,C
624,坚持党的领导，就要发挥党总揽全局、协调各方的（）作用。,领导核心,主要领导,基本领导,基础领导,A
625,（）是坚持党的领导、人民当家作主、依法治国有机统一的根本政治制度安排。,人民代表大会制度,中国共产党领导的多党合作和政治协商制度,民族区域自治制度,基层群众自治制度,A
626,中国共产党领导的多党合作和政治协商制度是我国的一项（）。,根本政治制度,基本政治制度,基础政治制度,基层政治制度,B
627,（）是社会主义协商民主的重要渠道和专门协商机构。,人大常委会,人民政协,纪委,统战部,B
628,完善基层群众自治制度，发展基层民主，是社会主义民主政治建设的（）。,根本,重点,核心,基础,D
629,巩固和发展爱国统一战线，必须牢牢把握（）的主题，找到最大公约数，画出最大同心圆。,大团结,大统一,大团结大联合,大团结大统一,C
630,建设中国特色社会主义文化，必须巩固（）在意识形态领域的指导地位，牢牢掌握意识形态工作领导权。,西方马克思主义,马克思主义,马克思主义哲学,马克思主义政治经济学,B
631,富强、民主、文明、和谐，自由、平等、公正、法治，爱国、敬业、诚信、友善，是社会主义核心价值观的（）。,基本追求,基本要求,基本精神,基本内容,D
632,富强、民主、文明、和谐，自由、平等、公正、法治，爱国、敬业、诚信、友善，是（）的集中体现。,当代中国精神,当代世界精神,传统中国精神,传统世界精神,A
633,社会主义核心价值观是（）的内核凝练和集中表达。,马克思主义理论体系,社会主义理论体系,社会主义思想体系,社会主义核心价值体系,D
634,培育和践行社会主义核心价值观，要把社会主义核心价值观融入（）各个方面。,政治生活,经济生活,文化生活,社会生活,D
635,在发展中保障和改善民生，就是要多谋民生之利、多解民生之忧，在发展中补齐民生短板、促进社会公平正义，抓民生要抓住人民最关心最直接最现实的（）问题。,房价,教育,利益,医疗,C
636,（）是人民生存的经济基础和基本保障，是最大的民生工程、民心工程、根基工程。,教育,医疗,就业,住房,C
637,社会治理的重心要向基层下移，落实到城乡（）。,街道,社区,楼道,居民,B
638,生态文明的核心是坚持（）和谐共生。,人与人,自然与自然,人与自然,人与环境,C
639,人与自然是生命共同体。我国积极推动绿色发展，促进人与自然（  ）,和谐共生,和谐共处,稳定发展,对立统一,A
640,全面建成小康社会是中国共产党的第（）个百年奋斗目标。,一,二,三,四,A
641,全面建成小康社会，更重要、更难做到的是（）。“小康”讲的是发展水平，“全面”讲的是发展的平衡性、协调性、可持续性。,全面,建成,小康,发展,A
642,全面建成小康社会，“小康”讲的是（）。,丰衣足食,国家富强,民族振兴,发展水平,D
643,全面小康，覆盖的领域要全面，是（）全面进步的小康。,“四位一体”,“五位一体”,“六位一体”,“七位一体”,B
644,全面建成小康社会，“全面”讲的是（）。,发展的平衡性、协调性、可持续性,总量和速度上完成了目标,多样性,发展水平,A
645,“小康不小康，关键看老乡”，“没有全民小康，就没有全面小康”的意思是：（）。,农村要领导小康社会建设,只要农村居民小康了，小康社会就实现了,全面小康需要得到农民认可,全面小康，覆盖的人口要全面，是惠及包括农民在内全体人民的小康。,D
646,新中国成立以来特别是改革开放以来，党带领人民进行了艰辛探索，创造了中国式现代化新道路，创造了（），实现了人类历史上前所未有的大变革。,共产主义新形态,历史的终结,人类文明新形态,社会主义新形态,C
647,党的十九大把（）和防范化解重大风险、污染防治一道作为决胜全面建成小康社会的三大攻坚战进行全面部署。,打造网络清朗空间,脱贫攻坚,金融安全,全方位外交,B
648,到2020年底，我国消除了（），完成了全面建成小康社会最艰巨最繁重的任务，为实现全面建成小康社会目标任务作出了关键性贡献、打下了坚实基础。,区域性贫困,绝对贫困 ,相对贫困,群体性贫困,B
649,要破解发展中面临的难题，化解来自各方面的风险挑战，推动经济社会持续健康发展，必须依靠（）。,全面建成小康社会,全面深化改革,全面依法治国,全面从严治党,B
650,坚持什么样的改革（），决定着改革的性质和最终成败,方向,目标,手段,措施,A
651,改革能否顺利推进，关键（）。,取决于人民的支持,取决于目标的坚定,取决于经济的发展,取决于党，取决于党的集中统一领导,D
652,党的（）全会通过了《中共中央关于全面深化改革若干重大问题的决定》，提出全面深化改革的总目标是完善和发展中国特色社会主义制度，推进国家治理体系和治理能力现代化。,十八大,十八届二中,十八届三中,十八届四中,C
653,国家治理体系和治理能力是一个国家的制度和制度执行能力的集中体现，两者（）。,是一样的,相辅相成,方向一致,对立统一,B
654,能否构建具有强大感召力的（），关系社会和谐稳定，关系国家长治久安。,领导核心,道德文化,社会风俗,核心价值观,D
655,（）是当代中国发展进步的活力之源，是坚持和发展中国特色社会主义的必由之路。,改革开放,党的领导,四项基本原则,人民主体地位,A
656,全面深化改革，整体推进、协同改革不是平均用力、齐头并进，也要注重抓主要矛盾和矛盾的主要方面，注重（）。,抓重要领域和关键环节,重要目标和重点领域,方向和措施,主要方面和关键节点,A
657,全面深化改革能否顺利推进，关键取决于党，取决于（）。,党内民主,党的反腐败事业,党的集中统一领导,党内法规建设,C
658,全面深化改革，坚持把改革的力度、（）和社会可承受的程度统一起来,发展的水平,发展的目标,发展的措施,发展的速度,D
659,新时代的全面深化改革具有许多新的内涵和特点，其中很重要的是（）分量更重。,问计于民,制度建设,经济指标,行政效能,B
660,全面深化改革要把（）作为正确处理改革发展稳定关系的结合点,提高生产力,改善人民生活,产生经济效益,国家综合实力,B
661,全面深化改革，必须坚定（）立场。,人民,党的,国家利益,社会主义,A
662,（）是中国特色社会主义的本质要求和重要保障。,全面建设社会主义现代化强国,全面深化改革,全面依法治国,全面从严治党,C
663,（）明确把依法治国确立为治理国家的基本方略，把建设社会主义法治国家确定为社会主义现代化建设的重要目标。,党的十四大,党的十五大,党的十六大,党的十七大,B
664,1999年3月，九届全国人大二次会议通过的《中华人民共和国宪法修正案》将（）正式写入宪法。,以法治国,依法制国,依法治国,依宪治国,C
665,2010年，中国已经形成了以（）为核心的中国特色社会主义法律体系，为改革开放和社会主义现代化建设提供了有力的法治保障。,民主,法律,法制,宪法,D
666,2014年十八届四中全会通过了（），明确提出全面推进依法治国，加快建设法治中国，开启了中国特色社会主义法治道路的新征程。,《关于全面推进依法制国若干重大问题的决定》,《关于全面推进依法治国若干重大问题的决定》,《关于全面推进以法治国若干重大关系问题的决定》,《关于全面推进依宪治国若干重大问题的决定》,B
667,（）是社会主义法治最根本的保证。,党的领导,公平正义,依法治国,社会和谐,A
668,建设中国特色社会主义法治体系，首先是（）。,加强法治专门队伍和法律服务队伍建设,要建立严密的法治监督体系,要完善以宪法为核心的中国特色社会主义法律体系,要加强党内法规制度建设,C
669,新时代党的建设总要求是坚持和加强党的全面领导，坚持党要管党、全面从严治党，以（）为主线。,加强党的长期执政能力建设、先进性和纯洁性建设,党的政治建设,坚定理想信念宗旨,调动全党积极性、主动性、创造性,A
670,新时代党的建设要以（）为统领。,思想建设,组织建设,作风建设,政治建设,D
671,党的政治建设是党的根本性建设，决定（）。,党的建设方向和效果,党的建设的目标和价值,党的建设的方向和价值,党的建设的途径和方法,A
672,党的政治建设的首要任务是（）。,坚定执行党的政治路线，严格遵守政治纪律和政治规矩,保证全党服从中央，坚持党中央权威和集中统一领导,要尊崇党章，严格执行新形势下党内政治生活若干准则,完善和落实民主集中制的各项制度，坚持民主基础上的集中和集中指导下的民主相结合,B
673,（）是党的基础性建设,政治建设,组织建设,思想建设,制度建设,C
674,（）的核心是保持党同人民群众的血肉联系。,作风建设,思想建设,组织建设,政治建设,A
675,严明党的纪律，首要的是严明（）纪律。,思想,组织,政治,生活,C
676,加强（）建设是全面从严治党的长远之策、根本之策。,思想,制度,组织,政治,B
677,党的干部是党和国家事业的中坚力量，党坚持党管干部原则，坚持正确选人用人导向，突出（），提拔重用忠诚干净担当的干部。,经济导向,文化素质,道德水平,政治标准,D
678,新时代党的好干部标准是（）。,信念坚定、为民服务、勤政务实、敢于担当、清正廉洁,有理想、有道德、有文化、有素质,年轻化、革命化、专业化,政治过硬、经济能干、文化素质高,A
679,党的（）通过了《中共中央关于党的百年奋斗重大成就和历史经验的决议》,十九大,十九届三中全会,十九届五中全会,十九届六中全会,D
680,党的第二个百年奋斗目标是（）,全面建成社会主义现代化强国,全面建成社会主义现化代国家,全面建设社会主义现代化强国,全面建设社会主义现代化国家,A
681,（）竞争是国家间根本的竞争。,文化,制度,科技,军事,B
682,我国国家制度和国家治理体系具有()个方面的显著优势,8,10,13,14,C
683,邓小平曾经指出，和平问题是东西问题，（）问题是南北问题。,战争,发展,稳定,经济发展,B
684,邓小平理论形成的时代背景是（）成为时代主题。,和平,发展,和平与发展,经济建设,C
685,“文革”结束后，党的（）重新确立解放思想、实事求是的思想路线。,十一届三中全会,十二大,十三大,十四大,A
686,邓小平在党的（）开幕词中首次明确提出中国特色社会主义这一命题。,十一大,十二大,十三大,十四大,B
687,党的十三大，第一次比较系统地论述了我国（）理论。,社会主义初级阶段,经济建设,政治体制改革,文化发展,A
688,"1984年党的十二届三中全会作出了《关于经济体制改革的决定》，
提出社会主义经济是公有制基础上的有计划的（）。",市场经济,商品经济,计划经济,社会主义市场经济,B
689,党的（）正式提出了“邓小平理论”这一概念。,十四大,十五大,十六大,十七大,B
690,我国社会主义初级阶段是（    ）。,任何国家进入社会主义都必然经历的起始阶段,特指我国在生产力落后，商品经济不发达条件下建设社会主义必然要经历的阶段,由新民主主义向社会主义过渡的阶段,由半殖民地、半封建社会向社会主义社会过渡的阶段,B
691,党的十三大报告提出党在社会主义初级阶段的（）。,基本路线,基本纲领,基本方针,基本政策,A
692,以经济建设为中心，回答了社会主义的（）问题。,根本目标,根本任务,本质特征,基本目标,B
693,坚持四项基本原则，回答了解放和发展生产力的（）问题。,政治保证,政治保障,理论前提,发展动力,A
694,坚持改革开放，回答了社会主义的（）和外部条件问题。,发展目标,发展动力,发展道路,发展方向,B
695,"“领导和团结全国各族人民”，这是实现社会主义现代化奋斗目标的
领导力量和（）。",基础力量,根源源泉,依靠力量,保障力量,C
696,自力更生、艰苦奋斗，这是实现社会主义初级阶段奋斗目标的（）。,基本前提,基本保证,根本立足点,根本着力点,C
697,我国社会主义初级阶段的主要矛盾是（    ）。,工人阶级与资产阶级之间的矛盾,人民日益增长的美好生活需要和落后的社会生产之间的矛盾,促进效率提高与体现社会公平之间的矛盾,人口增长与经济发展不相适应的矛盾,B
698,（）是社会发展的最根本的决定性因素。,生产力,生产关系,阶级斗争,劳动力,A
699,社会主义的根本任务是（）。,阶级斗争,发展,发展生产力,提高人民生活水平,C
700,把“和谐”与“富强民主文明”一起写入了社会主义初级阶段基本路线的是（    ）。,党的十七大,党的十六大,党的十五大,党的十四大,A
701,"把“美丽”与“富强民主文明和谐”一起写入了社会主义初级阶段
基本路线的是（    ）。",党的十七大,党的十六大,党的十五大,党的十八大,D
702,根据邓小平提出的“三步走”发展战略，我国到21世纪中叶的战略目标是（        ）。,全面建成小康社会,基本接近发达国家水平，生活比较富裕,基本实现现代化，达到中等发达国家的水平,物质文明与精神文明基本协调发展,C
703,改革是社会主义社会发展的（）。,直接动力,强大动力,力量源泉,内生动力,A
704,我国经济体制改革的核心问题是如何正确认识和处理（）的关系。,计划与市场,资本主义和社会主义,发展速度和效益,稳定与发展,A
705,“和平统一、一国两制”的核心是（）。,实行两种制度,坚持一个中国,和平统一,祖国统一,B
706,“一国两制”伟大构想的提出是从解决（）问题开始的。,香港,澳门,金门,台湾,D
707,“一国两制”伟大构想在实践中首先运用于解决（）问题、澳门问题。,香港,马祖,金门,台湾,A
708,建设中国特色社会主义，关键是坚持、加强和改善（）。,政府领导,市场作用,党的领导,人大政协作用,C
709,（）是中国特色社会主义理论体系的开篇之作。,毛泽东思想,邓小平理论,“三个代表”重要思想,科学发展观,B
710,邓小平曾经指出，实现现代化，关键是（）。,人才,科教兴国,科学技术,发展经济,C
711,（）是最根本的党规党法，各级党组织和每个党员都要按党章办事。,宪法,各种法律,党章,人民代表大会制度,C
712,（）是马列主义的精髓，是毛泽东思想的精髓，也是邓小平理论的精髓。,实事求是,解放思想,本本主义,阶级斗争,A
713,《论十大关系》形成于（  ）年,一九五六,一九五七,一九五八,一九五九,A
714,《论十大关系》以（）国为借鉴对象,日本,苏联,美国,英国,B
715,《论十大关系》确定的基本方针是（）,以苏为鉴,努力把党内党外、国内国外的一切积极的因素，直接的、间接的积极因素全部调动起来,以经济建设为中心,一个中心，两个基本点,B
716,判断人们的言论和行动是非的六条标准中最重要的一条（）是,经济发展,社会进步,人民生活水平的提高,有利于巩固共产党的领导，而不是摆脱或者削弱这种领导,D
717,毛泽东的（    ），初步总结了我国社会主义建设的经验，明确提出了以苏为鉴，独立自主地探索适合中国情况的社会主义建设道路。,《湖南农民运动考察报告》,《矛盾论》,《新民主主义论》,《论十大关系》,D
718,中国特色社会主义建设道路的探索始于（    ）。,毛泽东,邓小平,江泽民,胡锦涛,A
719,毛泽东提出的实现马克思主义与中国实际的“第二次结合”，就是要（    ）。,走出中国自己的社会主义革命道路,走出中国自己的社会主义建设道路,延续“第一次结合”的内容,弥补“第一次结合”的错误,B
720,中国共产党关于社会主义建设道路的探索是（    ）开始的。,从探索了工业化的道路后,在对苏联模式弊端已有认识的背景下,从对社会主义社会基本矛盾的认识基础上,从中国社会主义改造道路的实践中,B
721,体现社会主义建设道路初步探索的理论成果的重要著作是（    ）。,《中国社会各阶级的分析》和《湖南农民运动考察报告》,《实践论》和《矛盾论》,《新民主主义论》和《论人民民主专政》,《论十大关系》和《关于正确处理人民内部矛盾的问题》,D
722,毛泽东的（    ）一文标志着党探索中国社会主义建设道路的良好开端。,《实践论》,《新民主主义论》,《论人民民主专政》,《论十大关系》,D
723,最早专门系统论述社会主义社会的矛盾问题，并形成了社会主义社会矛盾的学说的无产阶级革命导师是（    ）。,马克思,列宁,斯大林,毛泽东,D
724,1957年毛泽东所作的系统论述社会主义社会矛盾的理论的报告是（    ）。,《实践论》,《矛盾论》,《论十大关系》,《关于正确处理人民内部矛盾的问题》,D
725,中国共产党的第八次全国代表大会是在（    ）年召开的。,一九四五,一九四九,一九五六,一九六六,C
726,1956年召开的党的代表大会是党的（    ）。,七大,八大,九大,十大,B
727,敌我矛盾和人民内部矛盾这两类性质完全不同的矛盾，是社会主义社会的矛盾在（    ）上的反映。,政治,经济,文化,生态,A
728,在社会主义社会，关于两类不同性质的矛盾的观点，正确的是（    ）。,敌我矛盾居于主导地位,人民内部矛盾居于主导地位,敌我矛盾和人民内部矛盾都居于主导地位,敌我矛盾和人民内部矛盾都不居于主导地位,B
729,毛泽东指出，解决人民内部矛盾的总方针是（    ）。,民主的方法,“团结—批评—团结”的方法,“百花齐放、百家争鸣”的方法,“长期共存、互相监督”的方法,A
730,根据《关于正确处理人民内部矛盾的问题》的分析，对于政治思想领域的人民内部矛盾，解决的具体方针是（    ）。,“团结—批评—团结”,“批评—团结—批评”,“团结—批评—批评”,“批评—团结—团结”,A
731,根据《关于正确处理人民内部矛盾的问题》的分析，对于物质利益、分配方面的人民内部矛盾，解决的具体方针是（    ）。,“团结—批评—团结”,统筹兼顾、适当安排,“百花齐放、百家争鸣”,“长期共存、互相监督”,B
732,根据《关于正确处理人民内部矛盾的问题》的分析，对于科学文化领域里的人民内部矛盾，解决的具体方针是（    ）。,“团结—批评—团结”,统筹兼顾、适当安排,“百花齐放、百家争鸣”,“长期共存、互相监督”,C
733,根据《关于正确处理人民内部矛盾的问题》的分析，对于科学文化领域里的人民内部矛盾，解决的具体方针是（    ）,“百花齐放、百果飘香”,“百花齐放、百家争鸣”,“百果飘香、百家争鸣”,“百家争鸣、百舸争流”,B
734,根据《关于正确处理人民内部矛盾的问题》的分析，对于共产党和民主党派的人民内部矛盾，解决的具体方针是（    ）。,“团结—批评—团结”,统筹兼顾、适当安排,“百花齐放、百家争鸣”,“长期共存、互相监督”,D
735,根据《关于正确处理人民内部矛盾的问题》的分析，对于民族之间的人民内部矛盾，解决的具体方针是（    ）。,民族平等、团结互助,汉族至上、少数民族次之,少数民族至上、汉族次之,责任均等、各打五十大板,A
736,中国共产党很早就重视国家的工业化问题，早在（    ）时期，毛泽东就指出，中国的民族独立有巩固的保障，就必须工业化。,大革命,土地革命,抗日战争,解放战争,C
737,在（    ）一文中，毛泽东明确提出要走一条有别于苏联的中国工业化的道路。,《新民主主义论》,《论人民民主专政》,《论十大关系》 ,《关于正确处理人民内部矛盾的问题》,D
738,社会主义改造完成进入全面社会主义建设时期，为逐步建立独立的比较完整的基础工业体系和国防工业体系，我们把（    ）作为我国经济建设的重点。,重工业,轻工业,农业,服务业,A
739,社会主义建设时期，毛泽东提出了以农业为基础，以工业为主导，以（    ）为序的发展国民经济的总方针。,农轻重,农重轻,重农轻,重轻农,A
740,社会主义建设时期，关于所有制结构的调整，提出要注意发展手工业和农业多种经营的思想的党和国家领导人是（    ）。,毛泽东,刘少奇,周恩来,朱德,D
741,社会主义建设时期，提出“三个主体、三个补充”设想的党和国家领导人是（    ）。,毛泽东,周恩来,陈云,邓小平,C
742,社会主义建设时期，提出“两参一改三结合”思想的党和国家领导人是（    ）。,毛泽东,周恩来,陈云,邓小平,A
743,社会主义建设时期，提出“我们的目标，是想造成一个又有集中又有民主，又有纪律又有自由，又有统一意志，又有个人心情舒畅、生动活泼，那样一种政治局面，以利于社会主义革命和社会主义建设”思想的党和国家领导人是（    ）。,毛泽东,刘少奇,周恩来,朱德,A
744,社会主义建设时期，党和毛泽东提出了实现四个现代化的宏伟目标，并强调实现四个现代化关键在于（    ）。,农业现代化,工业现代化,国防现代化,科学技术现代化,D
745,社会主义建设时期，关于科学和教育，提出实行“两种劳动制度、两种教育制度”设想的党和国家领导人是（    ）,毛泽东,刘少奇,周恩来,朱德,B
746,社会主义建设时期，提出知识分子是工人阶级一部分的观点的党和国家领导人是（    ）。,毛泽东,刘少奇,周恩来,朱德,C
747,社会主义民主的本质是（    ）。,人民当家作主,公民当家作主,工人当家作主,农民当家作主,A
748,我国社会主义制度建立以后，在全党和全国工作重心（    ）的时候，面临着一个如何认识和处理社会主义社会矛盾的问题。,由革命转向改造,由革命转向建设,由革命转向改革,由建设转向改革,B
749,新中国的工业化是在（    ）的影响下起步的。,英国,美国,日本,苏联,D
750,社会主义建设时期，提出要建立“适合于我国情况和人民需要的社会主义市场”的思想的党和国家领导人是（    ）。,毛泽东,刘少奇,陈云,邓小平,C
751,社会主义建设时期，党提出了“向科学进军”的口号，强调实现四个现代化关键在于科学技术现代化，要实行（    ）的科技发展战略，努力赶超世界先进水平。,全面发展、步步跟上,全面发展、迎头赶上,重点发展、步步跟上,重点发展、迎头赶上,D
752,社会主义建设时期，提出“我们的教育方针，应该使受教育者在德育、智育、体育几方面都得到发展，成为有社会主义觉悟的有文化的劳动者”的教育思想的党和国家领导人是（    ）。,毛泽东,刘少奇,周恩来,朱德,A
753,中国共产党的指导思想是（  ）。,马克思主义,列宁主义,马克思列宁主义,毛泽东思想,C
754,中国革命和建设取得成功的根本经验是（  ）。,独立自主、自力更生,把马克思主义与中国具体实际相结合,武装斗争、党的建设、统一战线,群众路线,B
755,（  ）会议确立了毛泽东在全党的实际领导地位。,八七会议,中共七大,遵义会议,党的六届六中全会,C
756,（  ）会议正式将毛泽东思想确立为党的指导思想并写入党章。,中共七大,党的六届六中全会,中共八大,遵义会议,A
757,中国共产党推进马克思主义中国化过程中的第一个重大理论成果是（  ）。,中国特色社会主义理论体系,毛泽东思想,邓小平理论,新民主主义革命理论,B
758,在中国共产党的历史上，（  ）第一个明确提出了“马克思主义中国化”的命题。,李大钊,陈独秀,毛泽东,刘少奇,C
759,（  ）实现了马克思主义中国化的第一次历史性飞跃。,中国特色社会主义理论体系,新民主主义革命理论,邓小平理论,毛泽东思想,D
760,毛泽东思想产生和形成的实践基础是(  )。,中国共产党领导的工人运动,中国共产党领导的革命和建设实践,中国共产党领导的学生运动,中国共产党领导的农民运动,B
761,（  ）为中国送来了马克思列宁主义，帮助中国的先进分子用无产阶级的世界观作为观察国家命运的工具。,共产国际,俄国十月革命的胜利,明治维新,欧洲1848年革命,B
762,毛泽东思想是在总结（  ）的基础上，逐步形成和发展起来的。,中国革命的历史经验,中国建设的历史经验,中国革命和建设正反两方面历史经验,苏联经验,C
763,毛泽东称之为“改变了整个世界历史的方向，划分了整个世界历史的时代”的是（  ）。,欧洲1848年革命,共产国际建立,苏联建国,俄国十月革命的胜利,D
764,毛泽东思想紧紧围绕的主题是（  ）。,中国革命,社会主义建设,中国革命和建设,中国建设和改革,C
765,（  ）是毛泽东思想达到成熟的主要标志。,新民主主义革命理论,社会主义革命理论,社会主义建设理论,军事战略理论,A
766,毛泽东思想的精髓和根本出发点是（ ）,实事求是,群众路线,独立自主,党的建设,A
767,毛泽东规定了（  ）是人民军队的唯一宗旨。,一切从实际出发,全心全意为人民服务,密切联系群众,理论联系实际,B
768,我们党一切行动的根本出发点和落脚点是（  ）,密切联系群众,理论联系实际,全心全意为人民服务,实事求是,C
769,我们党区别于其他一切政党的根本标志是（  ),密切联系群众,理论联系实际,独立自主、自力更生,全心全意为人民服务,D
770,毛泽东规定了（  ）的军事原则。,枪指挥党,党枪一致,党联系枪,党指挥枪,D
771,毛泽东指出（  ）是党的生命。,创新和突破,服务和信念,政策和策略,战略和方法,C
772,毛泽东提倡，知识分子要同（  ）相结合。,工人,生产,实践,工农,D
773,毛泽东指出，（  ）是一个根本的问题，原则的问题。,理论学习的问题,为什么人的问题,理想的问题,信念的问题,B
774,毛泽东提出，党员不但要在组织上入党，而且要在（  ）上入党。,思想,行动,觉悟,精神,A
775,毛泽东创造了全党通过（  ）进行马克思列宁主义思想教育的整风形式。,批判与斗争,批评与激励,反思与辩论,批评与自我批评,D
776,毛泽东多次要求全党警惕资产阶级思想的侵蚀，反对脱离群众的（）。,官僚主义,主观主义,享乐主义,本本主义,A
777,毛泽东晚年的错误是由于违反了他自己主张的（  ）原则。,理论联系实际,实事求是,艰苦奋斗,独立自主,B
778,毛泽东思想包含毛泽东一生中（  ）。,全部的探索,早年的经验,错误的部分,正确的部分,D
779,毛泽东思想是（  ）。,毛泽东的全部思想,毛泽东的理论探索,毛泽东的实践经验,中国共产党集体智慧的结晶,D
780,中国共产党始终是中国工人阶级的先锋队，同时是（　 ）。,全体劳动者的先锋队 ,中华民族的先锋队,中国人民的先锋队 ,中国人民和中华民族的先锋队,D
781,中国共产党的最高理想和最终目标是（   ）。,全面建成小康社会,建设社会主义和谐社会,实现社会主义现代化,实现共产主义,D
782,中国共产党的宗旨是(    )。,推动政治建设　,搞好经济建设 ,全心全意为人民服务,发展文化,C
783,（    ）是历史的创造者，是推动历史进步的动力。,人民群众,伟大领袖,统治阶级,思想家,A
784,中国共产党以（    ）为理论基础和行动指南。,社会主义,马克思主义,资本主义,封建主义,B
785,社会主义现代化建设的根本保证是(  )。,坚持经济建设为中心,坚持党政分开,坚持改革开放,坚持中国共产党的领导,D
786,（    ）是出卷人，党是答卷人。,时代,人民,中国共产党,穷人,A
787,（    ）是中国特色社会主义事业的领导核心。,工人,人民,中国共产党,知识分子,C
788,“四个伟大”中，（    ）是目标，指引前进方向。,伟大斗争,伟大工程,伟大事业,伟大梦想,D
789,"“四个伟大”中，（    ）是手段,目标激发前进动力。",伟大斗争,伟大工程,伟大事业,伟大梦想,A
790,“四个伟大”中，（    ）是保障，提供前进保证。,伟大斗争,伟大工程,伟大事业,伟大梦想,B
791,“四个伟大”中，（    ）是主题，开辟前进道路。,伟大斗争,伟大工程,伟大事业,伟大梦想,C
792,“四个伟大”中，起决定性作用的是（    ）,具有新的历史特点的伟大斗争,中国特色社会主义伟大事业,实现中华民族伟大复兴的伟大梦想,党的建设伟大工程,D
793,(      )是最高政治领导力量。,国家,全国人民代表大会,党,领袖,C
794,（    ）立场是中国共产党的根本立场。,马克思主义,人民,社会主义,共产主义,B
795,中国共产党要善于研究实践中不断出现的新问题、善于在实践中增长解决问题的新本领，这要求中国共产党必须建设（     ）政党。,改革型,服务型,创新型,学习型,D
796,确保党始终总揽全局、协调各方，必须增强“四个意识”。“四个意识”是指（    ）,思想意识、大局意识、核心意识、看齐意识。,政治意识、全局意识、核心意识、看齐意识。,政治意识、大局意识、核心意识、统一意识。,政治意识、大局意识、核心意识、看齐意识。,D
797,中国共产党坚持执政为民，把（    ）作为我们的奋斗目标。,全体人民的共同富裕,人民对美好生活的向往,社会的公平正义,构建社会主义和谐社会,B
798,中国共产党的最高理想和最终目标是（    ）,实现共产主义,带领人民共同富裕,长期执政,构建人类命运共同体,A
799,进入21世纪，国际形势发生广泛而深刻的变化，但（）仍是时代主题。,和平,发展,民主,和平与发展,D
800,（  ）的一个重要标志是互联网的飞速发展和广泛应用。,经济全球化,文化多样化,社会信息化,世界多极化,C
801,中国独立自主的和平外交政策，就是把国家主权和（）放在第一位。,稳定,安全,发展,进步,B
802,维护世界（）、促进共同发展，是中国外交政策的宗旨。,和平,安全,稳定,和谐,A
803,中国倡导的新型国际关系，核心是维护（）。,世界上所有国家利益,联合国宪章的宗旨和原则,世界稳定,世界和平,B
804,推动建立新型国际关系，要在（）基础上发展同世界各国的友好合作。,平等互利,共建共享,和平共处五项原则,互利共赢,C
805,发展是第一要务，适用于各国，而人类命运共同体追求的是（）。,和平发展,共同发展,科学发展,协调发展,B
806,文化已成为国家核心竞争力的重要组合部分，越来越多的国家把提高（）作为重要发展战略。,教育水平,国民素质,国民受教育水平,文化软实力,D
807,当前全球政治经济版图正在发生改变的一个重要标志是新兴市场国家和（）集体性崛起。,第三世界国家,亚洲国家,中国,发展中国家,D
808,20世纪90年代以来，全球资本的跨国流动迅速加快的一个重要原因是（）。,冷战结束,信息技术取得突破并广泛应用,经济金融化,资本管制的取消,B
809,中国始终把坚决维护国家主权、安全、（）作为外交工作的基本出发点和落脚点。,发展权,发展利益,经济利益,政治利益,B
810,推动建立新型国际关系，要积极参与（）改革和建设。,全球经济秩序,全球政治秩序,全球治理体系,全球政治与经济秩序,C
811,各国都有平等参与地区安全事务的权利，也都有维护地区安全的义务，要以（）、互利合作的方式解决安全难题。,和而不同,彼此理解,对话协商,对话交流,C
812,党的十八大以来，以习近平同志为核心的党中央创新国家安全理念，统揽国家安全全局，创造性提出总体国家安全观。总体国家安全观突出的是“（）”理念。,总体,大安全,综合,非传统安全,B
813,（）是人民幸福安康的基本要求。,人民自由,政治稳定,国家安全,经济发展,C
814,坚持总体国家安全观，必须以（）为宗旨。,人民安全,政治安全,经济安全,国土安全,A
815,坚持总体国家安全观，必须以（）为根本。,人民安全,政治安全,经济安全,国土安全,B
816,坚持()，是做好国家安全工作的根本原则，是维护国家安全和社会安定的根本保证。,党的绝对领导,以人民为中心,依法执政,提高国家竞争力,A
817,“黑天鹅”事件是指（）的事件。,概率很大但风险很小,概率很大风险也很大,概率很小风险也很小,概率很小但风险很大,D
818,“灰犀牛”事件是指（）的事件。,概率很大但风险很小,概率很大风险也很大,概率很小风险也很小,概率很小但风险很大,B
819,习近平强军思想深刻回答了（）的时代课题。,新时代建设一支什么样的强大人民军队、怎样建设强大人民军队,军队建设与发展,党指挥枪,军队中的改革,A
820,习近平指出，强国必须强军，巩固国防和强大人民军队是新时代坚持和发展中国特色社会主义、实现中华民族伟大复兴的（）。,重要保障,战略支撑,重要前提,基本条件,B
821,党在新时代的强军目标是力争到（）年基本实现国防和军队现代化，到本世纪中叶把人民军队全面建成世界一流军队。,2020,2030,2035,2050,C
822,党对军队的绝对领导是人民军队（），必须全面贯彻党领导军队的一系列根本原则和制度，确保部队绝对忠诚、绝对纯洁、绝对可靠。,建军之魂、强军之本,建军之基、立军之本,建军之本、强军之魂,立军之本，发展之魂,C
823,军队是要准备打仗的，必须聚焦能打仗、打胜仗，创新发展军事战略指导，构建（）体系。,现代化军事,高科技作战,高水平、强能力军事,中国特色现代作战,D
824,()是我军鲜明特色和政治优势，必须加强作风建设、纪律建设，坚定不移正风肃纪、反腐惩恶。,敢打硬仗,作风优良,忠诚,能打胜仗,B
825,在长期实践中，我军培育和形成了一整套光荣传统和优良作风，要大力弘扬我党我军光荣传统和优良作风，永葆人民军队（）。,性质、宗旨、本色,战斗能力,本色,高科技水平,A
826,现代化军队必须构建（），推进治军方式根本性转变，提高国防和军队建设法治化水平。,高科技军事体系,中国特色军事法治体系,创新体系,先进军事体系,B
827,推进强军事业，必须毫不动摇坚持党对军队的（），确保人民军队永远听党话、跟党走。,绝对指挥,绝对领导,设计和规划,谋划和指挥,B
828,党对军队绝对领导的根本原则和制度，发端于()，是人民军队完全区别于一切旧军队的政治特质和根本优势。,三湾改编,南昌起义,古田会议,遵义会议,B
829,历史告诉我们，（）是保持人民军队本质和宗旨的根本保障，这是我们党在血与火的斗争中得出的颠扑不破的真理。,党指挥枪,自主自立,政治协商,中国共产党,A
830,军队必须完全地无条件地置于中国共产党的领导之下，军队最高领导权和指挥权属于（）。,党中央,广大人民,党中央、中央军委,中央军委,C
831,（）是党对军队绝对领导的最高实现形式。,军委主席负责制,国家主席负责制,首长负责制,党委负责制,A
832,强军要把（）作为唯一的根本的标准，无论过去、现在和将来，这个标准始终是军事领域衡量利弊得失的重要标准。,保家卫国,爱国敬业,战斗力,从严治军,C
833,习近平强调：“谁牵住了（）这个‘牛鼻子’，谁走好了这步先手棋，谁就能占领先机、赢得优势。”,改革开放,科技创新,社会治理,生产力,B
834,构建（）是建设世界一流军队的力量基础。总体来说，就是要建设现代化陆军、海军、空军、火箭军、战略支援部队和武警部队，促进各军兵种力量协调发展。,中国特色社会主义,中国特色现代军事力量体系,强军机制,科技体系,B
835,火箭军是我国战略威慑的核心力量，要按照（）的原则，着力提高战略威慑与核反击和中远程精确打击能力。,重视核武器,发展常规力量,联合作战,核常兼备、全域慑战,D
836,人民军队的生命力在于战斗力。新形势下人民军队的职能使命不断拓展，但作为（）的根本职能始终没有变。,先遣队,先锋队,战斗队,保卫队,C
837,坚持（）和强军相统一是我们党的一贯主张。,富国,改革,开放,社会发展,A
838,江泽民指出，我国现代化建设的一条重要经验，就是坚持国防建设与经济建设协调发展的方针，在()的基础上推进国防和军队现代化。,社会发展,经济发展,自强不息,以人为本,B
839,（）是我国现代化建设的战略任务，只有把它搞上去了，经济建设才能有更加坚强的安全保障。,社会建设,科技建设,文化建设,国防建设,D
840,走（）发展路子，是实现富国和强军统一的重要途径。,高科技军事体系,两化融合,军民融合式,国防建设,C
841,军政军民团结是实现富国和强军相统一的重要政治保障，是我党我军特有的政治优势，要坚持（）的战略思想。,人民战争,和谐团结,社会发展,科技进步,A
842,为增强打赢未来战争的国防潜力，一定要建立健全（）体制机制，深化民兵预备役体制改革，优化后备力量规模、结构和布局。,预备役,人民战争,国防动员,战时动员,C
843,加强国防教育，增强（）观念，使关心国防、热爱国防、建设国防、保卫国防成为全社会的思想共识和自觉行动。,国防,保卫国防,保家卫国,全民国防,D
844,“一国两制”就是在统一的国家之内，国家主体实行社会主义制度，()依法实行资本主义制度。,自治区,部分地区,个别地区,香港澳门,C
845,全面准确贯彻“一国两制”，必须落实中国对特别行政区的全面（）,管理权,管治权,治理权,主权,B
846,全面准确贯彻“一国两制”，必须聚焦发展这个第一要务，推动（）融入国家发展大局。,港澳,粤港澳,港澳台,台湾,A
847,全面准确贯彻“一国两制”，必须坚持（）治港治澳原则,本地人,专业人士,爱国者,人民,C
848,2020年6月，十三届全国人大常委会第二十次会议通过（），并将其列入香港基本法附件三。,《全国人民代表大会关于建立健全香港特别行政区维护国家安全的法律制度和执行机制的决定》,《中华人民共和国香港特别行政区维护国家安全法》,《全国人民代表大会关于完善香港特别行政区选举制度的决定》,《香港特别行政区行政长官的产生办法》,B
849,两岸同属一个国家、两岸同胞同属一个民族，中国的（）从未分裂。,主权和治权,主权和国际承认,主权和领土完整,主权和国家认同,C
850,（）损害国家主权和领土完整，是两岸关系和平发展的最大障碍，是台海和平稳定的最大威胁。,民进党,“台独”分裂势力及其活动,外来干涉,美国霸权主义行径,B
851,“在海峡两岸共同努力谋求国家统一的过程中，双方虽均坚持一个中国的原则，但对于一个中国的涵义，认知各有不同。”这是（）关于“九二共识”的表述。,海基会,海协会,民进党,国民党,A
852,"按照“三个代表”要求全面加强党的建设,根本目的就在于保证我们党能够始终保持：",先进性,同人民群众的血肉联系,代表性,正确性,B
853,贯彻“三个代表”要求，关键在坚持与时俱进，核心在保持党的先进性，本质在坚持（）。,科学发展观,以人为本,执政为民,立党为公,C
854,将“三个代表”重要思想与马克思列宁主义、毛泽东思想和邓小平理论一道确立为党必须长期坚持的指导思想，并写入党章。,十五大,十六大,十七大,十四大,B
855,江泽民指出，（）是决定一个政党、一个政权兴亡的根本性因素。,人民利益,执政水平,人心向背,生产力,C
856,党的一切工作，必须以最广大人民的根本利益为最高标准。任何时候都必须坚持尊重社会发展规律与尊重()的一致性。,人民历史主体地位,最广大人民根本利益,各阶层人民的根本利益,人民群众的根本利益,A
857,党要承担起推动中国社会进步的历史责任，必须始终紧紧抓住()这个执政兴国的第一要务,创新,发展,和谐,改革,B
858,党的()正式把建立社会主义市场经济体制确立为我国经济体制改革的目标。,十三大,十四大,十五大,十六大,B
859,()全会通过的《关于建立社会主义市场经济体制若干问题的决定》，勾画了建立社会主义市场经济体制的蓝图和基本框架。,十四届三中全会,十四届二中全会,十四届六中全会,十四届五中全会,A
860,建立社会主义市场经济体制，必须坚持和完善公有制为主体、多种所有制经济（）的社会主义基本经济制度。,并存,共同发展,相互促进,协同发展,B
861,要在更大程度上发挥市场在资源配置中的基础性作用，健全（）的现代市场体系，促进商品和生产要素在全国市场自由流动。,开放、和谐、创新、发展,统一、开放、竞争、有序,竞合、包容、互利、互惠,自由、平等、和谐、共处,B
862,江泽民对全面建设小康社会、实现第三步战略目标进行了前瞻性的战略思考。他在党的（）报告中初步勾画了实现第三步战略目标的蓝图：,十三大,十四大,十五大,十六大,C
863,十五届五中全会进一步提出，从（）开始，我国将进入全面建设小康社会、加快推进社会主义现代化的新的发展阶段。,二十世纪前十年,建党一百年,建国一百年,新世纪,D
864,建设社会主义政治文明涉及政治思想、政治制度、（）、法制建设等方面，是一个系统工程。,体制改革,行政管理,社会治理,政治生态,B
865,在建设社会主义政治文明过程中，依法治国是党领导人民治理国家的()。,本质要求,重要前提,基本方略,核心问题,C
866,依法治国，是党领导人民治理国家的基本方略，是发展社会主义市场经济的客观需要，是（）的重要标志，是国家长治久安的重要保障。,社会文明进步,社会发展,文明演进,社会历史发展,A
867,依法治国，要适应社会主义市场经济发展、社会全面进步的新形势，加强（），提高（），形成中国特色社会主义法律体系。,立法工作、工作质量,立法质量、执法工作,立法水平、立法建设,立法工作、立法质量,D
868,政治体制改革要着重加强()，实现社会主义民主政治的制度化、规范化和程序化。,社会建设,司法建设,制度建设,执法建设,C
869,发展社会主义民主政治，必须在坚持（）的前提下，继续积极稳妥地推进政治体制改革,邓小平思想,毛泽东理论,四项基本原则,改革开放,C
870,坚持中国共产党的领导，就是要坚持党在建设中国特色社会主义事业中的（）地位，发挥党总揽全局、协调各方的作用。,政治,重要,领导核心,思想领导,C
871,推进党的建设新的伟大工程要求我们：一定要坚持党要管党、从严治党的方针，进一步解决提高党的领导水平和()、提高拒腐防变和抵御风险能力这两大历史性课题,执行能力,执政能力,建设能力,管理能力,B
872,从严治党，最根本的就是党的各级组织和全体党员、干部，都要做到严格按照（）办事，按照党内政治生活准则和党的各项规定办事。,党章,执政能力,方针,条例,A
873,坚决反对和防止腐败是全党一项重大的政治任务，是关系党和国家生死存亡的（）。,重大问题,政治问题,思想问题,严重政治斗争,D
874,坚持和完善反腐败领导体制和工作机制，认真落实()，形成防止和惩治腐败的合力。,党风廉政建设责任制,三讲教育,腐败教育,各项监督,A
875,“三个代表”重要思想是中国特色社会主义理论体系的重要组成部分。始终做到“三个代表”，是我们党的立党之本、（）、力量之源。,发展之基,执政之基,创新之力,建党之旨,B
876,“三个代表”重要思想坚持把人民的根本利益作为出发点和归宿，提出“（）的利益是最紧要和最具有决定性的因素”。,人民,多数人,最大多数人,全体公民,C
877,"“三个代表”重要思想强调要努力促进(),这同推进经济、文化的发展和改善人民物质文化生活，是互为前提和基础的。",以人为本,科学发展,执政为民,人的全面发展,D
878,“三个代表”重要思想，形成了崭新的马克思主义建党学说，回答了我们党（）一个重大历史性问题。,建设成为一个什么样的党和怎样建设党,如何执政,如何发展,如何创新,A
879,“三个代表”重要思想把发展先进生产力、发展先进文化和实现最广大人民的根本利益统一起来，从深层次上揭示了（）。,社会主义的本质,社会主义制度不断完善和发展的途径,社会主义核心价值观,如何建设社会主义,B
880,始终代表中国最广大人民的根本利益，强调以人民群众的利益、要求和实践为最高价值标准和评价标准，体现了我们党的（）和我们国家的（）。,宗旨、性质,目标、追求,价值观、宗旨,水平、体制,A
881,在“三个代表”重要思想的指导下，我们党和国家推进社会主义()改革，进一步消除了束缚生产力发展的体制性障碍,计划经济,市场经济,机制体制,政治体制,B
882,"在“三个代表”重要思想的指导下,积极稳妥地推进政治体制改革，建设社会主义（），促进了社会主义政治制度的自我完善和发展。",精神文明,政治文明,物质文明,生态文明,B
883,“三个代表”重要思想提出了党的建设的新要求，必须使全党始终保持（）的精神状态，不断开拓马克思主义理论发展的新境界。,求真务实,实事求是,积极创新,与时俱进,D
884,“三个代表”重要思想从新的高度提出必须改进党的领导方式和执政方式，既保证党委的（）作用，又充分发挥人大、政府、政协以及人民团体和其他方面的职能作用。,领导核心,带头,引导,各项监督,A
885,“三个代表”重要思想反映了当代世界和中国的发展变化对党和国家工作的新要求，是加强和改进党的建设、推进我国社会主义自我完善和发展的强大理论武器，是党和国家必须长期坚持的（）。,核心思想,指导思想,根本思想,积极思想,B
886,党的（）报告首次提出“中国特色社会主义理论体系”的科学概念。,十五大,十六大,十七大,十八大,C
887,在当代中国，坚持发展是硬道理的本质要求，就是坚持（）。,科学发展,协调发展,可持续发展,全面发展,A
888,科学发展观，第一要义是（）。,增长,发展,科学发展,协调,B
889,（）是解决中国一切问题的“总钥匙”。,经济,发展,进步,增长,B
890,科学发展观的核心立场是（）。,为人民服务,以人为本,科学发展,以人民为中心,B
891,科学发展观的根本方法是（）。,统筹经济社会发展,统筹城乡发展,统筹兼顾,科学发展,C
892,科学发展观的基本要求是（）。,以人为本,统筹兼顾,全面发展,全面协调可持续,D
893,科学发展中强调的以人为本的“人”是指（）。,人民群众,农民,工人,知识分子,A
894,坚持以人为本，最终是为了实现（）。,经济的更快发展,人的全面发展,社会协调,共产主义,B
895,科学发展观强调，（）是加快转变经济发展方式的关键。,实施创新驱动发展战略,掌握关键性的核心技术,社会和谐,全面深化经济体制改革,D
896,科学发展观强调，（）是解决“三农”问题的根本途径。,推动城乡一体化,推进城镇化,加快农民市民化,推动农村工业化,A
897,（）是社会主义的生命。,社会稳定,人民民主,依法治国,以德治国,B
898,社会主义民主的本质和核心是（）。,协商民主,人民当家做主,党的领导,依法治国,B
899,（）是民族的血脉，是人民的精神家园。,文化,汉字,语言,意识形态,A
900,（）是中国特色社会主义的本质属性。,经济发达,政治清明,文化丰富,社会和谐,D
901,（）是人和社会持续发展的根本基础。,良好生态环境,丰富的物质基础,先进文化,发达的科学技术,A
902,（）是党领导的事业不断取得胜利的重要法宝。,党的建设,军队建设,反腐倡廉建设,政治建设,A
903,（）建设是党执政后的一项根本建设。,作风建设,执政能力,思想建设,组织建设,B
904,（）是马克思主义政党自身建设的本质属性。,革命性,纯洁性,斗争性,先进性,D
905,（）是兴国之魂，决定着中国特色社会主义发展方向。,社会主义文化,先进文化,传统文化,社会主义核心价值体系,D
906,（）是人类文明进步的基础。,科学技术,文化,资源,发展,D
907,党的十八大提出建设中国特色社会主义的总体布局是（）,“两手抓”,“三位一体”,“四位一体”,“五位一体”,D
908,“五位一体”将勾勒出一幅（）的社会主义现代化强国壮美景象。,富强文明自由和谐美丽,富裕民主文明和谐美丽,富强民主文明和谐生态,富强民主文明和谐美丽,D
909,实现社会主义现代化和中华民族伟大复兴的中国梦，科学的发展理念和（）必不可缺。,发展战略,发展战术,发展思维,发展思想,A
910,新发展理念是是习近平新时代中国特色社会主义（）思想的主要内容。,经济,政治,文化,社会,A
911,坚持开放发展，就要努力提髙我国在全球经济治理中的（），构建广泛的利益共同体。,理论性话语权,制度性话语权,道路性话语权,文化性话语权,B
912,贯彻新发展理念、建设现代化经济体系必须坚持（）结构性改革。,供给侧,需求侧,全要素,全动能,A
913,只有推进供给侧结构性改革，提髙（）体系质量，才能推动经济高质量发展。,生产,供给,消费,需求,B
914,深化供给侧结构性改革，必须持续推进（），优化市场供求结构。,“一去一降一补”,“二去一降一补”,“三去一降一补”,“四去一降一补”,C
915,伴随中国特色社会主义进入新时代，我国经济已由高速增长阶段转向（）发展阶段。,高数量,高质量,高供给,高需求,B
916,只有形成现代化（）体系，才能更好顺应现代化发展潮流和赢得国际竞争主动，也才能为其他领域现代化提供有力支撑。,经济,政治,文化,社会,A
917,现阶段我国经济发展主要矛盾已转化成结构性问题，矛盾的主要方面在（  ）,增长侧,需求侧,供给侧,市场侧,C
918,建设现代化经济体系，必须建设创新引领、协同发展的（）。,产业体系,市场体系,收入分配体系,城乡区域发展体系,A
919,建设现代化经济体系，必须建设统一开放、竞争有序的（）。,产业体系,市场体系,收入分配体系,城乡区域发展体系,B
920,建设现代化经济体系，必须建设体现效率、促进公平的（）。,产业体系,市场体系,收入分配体系,城乡区域发展体系,C
921,建设现代化经济体系，必须建设彰显优势、协调联动的（）。,产业体系,市场体系,收入分配体系,城乡区域发展体系,D
922,建设现代化经济体系，必须建设资源节约、环境友好的（）。,产业体系,市场体系,绿色发展体系,城乡区域发展体系,C
923,建设现代化经济体系，必须建设多元平衡、安全髙效的（）。,产业体系,市场体系,绿色发展体系,全面开放体系,D
924,建设现代化经济体系，必须建设充分发挥市场作用、更好发挥政府作用的（）体制。,经济,政治,文化,社会,A
925,优化现代化经济体系的空间布局，必须实施好（）。,创新驱动发展战略,区域协调发展战略,科教兴国战略,人才强国战略,B
926,党的领导是人民当家作主和依法治国的（）。,基本保证,根本保证,基本特征,根本特征,B
927,人民当家作主是社会主义民主政治的（）。,基本保证,根本保证,基本特征,本质特征,D
928,依法治国是党领导人民治理国家的（）。,基本保证,根本保证,基本方式,根本方式,C
929,坚持党的领导，就要发挥党总揽全局、协调各方的（）作用。,领导核心,主要领导,基本领导,基础领导,A
930,（）是坚持党的领导、人民当家作主、依法治国有机统一的根本政治制度安排。,人民代表大会制度,中国共产党领导的多党合作和政治协商制度,民族区域自治制度,基层群众自治制度,A
931,中国共产党领导的多党合作和政治协商制度是我国的一项（）。,根本政治制度,基本政治制度,基础政治制度,基层政治制度,B
932,（）是社会主义协商民主的重要渠道和专门协商机构。,人大常委会,人民政协,纪委,统战部,B
933,完善基层群众自治制度，发展基层民主，是社会主义民主政治建设的（）。,根本,重点,核心,基础,D
934,巩固和发展爱国统一战线，必须牢牢把握（）的主题，找到最大公约数，画出最大同心圆。,大团结,大统一,大团结大联合,大团结大统一,C
935,建设中国特色社会主义文化，必须巩固（）在意识形态领域的指导地位，牢牢掌握意识形态工作领导权。,西方马克思主义,马克思主义,马克思主义哲学,马克思主义政治经济学,B
936,富强、民主、文明、和谐，自由、平等、公正、法治，爱国、敬业、诚信、友善，是社会主义核心价值观的（）。,基本追求,基本要求,基本精神,基本内容,D
937,富强、民主、文明、和谐，自由、平等、公正、法治，爱国、敬业、诚信、友善，是（）的集中体现。,当代中国精神,当代世界精神,传统中国精神,传统世界精神,A
938,社会主义核心价值观是（）的内核凝练和集中表达。,马克思主义理论体系,社会主义理论体系,社会主义思想体系,社会主义核心价值体系,D
939,培育和践行社会主义核心价值观，要把社会主义核心价值观融入（）各个方面。,政治生活,经济生活,文化生活,社会生活,D
940,在发展中保障和改善民生，就是要多谋民生之利、多解民生之忧，在发展中补齐民生短板、促进社会公平正义，抓民生要抓住人民最关心最直接最现实的（）问题。,房价,教育,利益,医疗,C
941,（）是人民生存的经济基础和基本保障，是最大的民生工程、民心工程、根基工程。,教育,医疗,就业,住房,C
942,社会治理的重心要向基层下移，落实到城乡（）。,街道,社区,楼道,居民,B
943,生态文明的核心是坚持（）和谐共生。,人与人,自然与自然,人与自然,人与环境,C
944,人与自然是生命共同体。我国积极推动绿色发展，促进人与自然（  ）,和谐共生,和谐共处,稳定发展,对立统一,A
945,全面建成小康社会是中国共产党的第（）个百年奋斗目标。,一,二,三,四,A
946,全面建成小康社会，更重要、更难做到的是（）。“小康”讲的是发展水平，“全面”讲的是发展的平衡性、协调性、可持续性。,全面,建成,小康,发展,A
947,全面建成小康社会，“小康”讲的是（）。,丰衣足食,国家富强,民族振兴,发展水平,D
948,全面小康，覆盖的领域要全面，是（）全面进步的小康。,“四位一体”,“五位一体”,“六位一体”,“七位一体”,B
949,全面建成小康社会，“全面”讲的是（）。,发展的平衡性、协调性、可持续性,总量和速度上完成了目标,多样性,发展水平,A
950,“小康不小康，关键看老乡”，“没有全民小康，就没有全面小康”的意思是：（）。,农村要领导小康社会建设,只要农村居民小康了，小康社会就实现了,全面小康需要得到农民认可,全面小康，覆盖的人口要全面，是惠及包括农民在内全体人民的小康。,D
951,新中国成立以来特别是改革开放以来，党带领人民进行了艰辛探索，创造了中国式现代化新道路，创造了（），实现了人类历史上前所未有的大变革。,共产主义新形态,历史的终结,人类文明新形态,社会主义新形态,C
952,党的十九大把（）和防范化解重大风险、污染防治一道作为决胜全面建成小康社会的三大攻坚战进行全面部署。,打造网络清朗空间,脱贫攻坚,金融安全,全方位外交,B
953,到2020年底，我国消除了（），完成了全面建成小康社会最艰巨最繁重的任务，为实现全面建成小康社会目标任务作出了关键性贡献、打下了坚实基础。,区域性贫困,绝对贫困 ,相对贫困,群体性贫困,B
954,要破解发展中面临的难题，化解来自各方面的风险挑战，推动经济社会持续健康发展，必须依靠（）。,全面建成小康社会,全面深化改革,全面依法治国,全面从严治党,B
955,坚持什么样的改革（），决定着改革的性质和最终成败,方向,目标,手段,措施,A
956,改革能否顺利推进，关键（）。,取决于人民的支持,取决于目标的坚定,取决于经济的发展,取决于党，取决于党的集中统一领导,D
957,党的（）全会通过了《中共中央关于全面深化改革若干重大问题的决定》，提出全面深化改革的总目标是完善和发展中国特色社会主义制度，推进国家治理体系和治理能力现代化。,十八大,十八届二中,十八届三中,十八届四中,C
958,国家治理体系和治理能力是一个国家的制度和制度执行能力的集中体现，两者（）。,是一样的,相辅相成,方向一致,对立统一,B
959,能否构建具有强大感召力的（），关系社会和谐稳定，关系国家长治久安。,领导核心,道德文化,社会风俗,核心价值观,D
960,（）是当代中国发展进步的活力之源，是坚持和发展中国特色社会主义的必由之路。,改革开放,党的领导,四项基本原则,人民主体地位,A
961,全面深化改革，整体推进、协同改革不是平均用力、齐头并进，也要注重抓主要矛盾和矛盾的主要方面，注重（）。,抓重要领域和关键环节,重要目标和重点领域,方向和措施,主要方面和关键节点,A
962,全面深化改革能否顺利推进，关键取决于党，取决于（）。,党内民主,党的反腐败事业,党的集中统一领导,党内法规建设,C
963,全面深化改革，坚持把改革的力度、（）和社会可承受的程度统一起来,发展的水平,发展的目标,发展的措施,发展的速度,D
964,新时代的全面深化改革具有许多新的内涵和特点，其中很重要的是（）分量更重。,问计于民,制度建设,经济指标,行政效能,B
965,全面深化改革要把（）作为正确处理改革发展稳定关系的结合点,提高生产力,改善人民生活,产生经济效益,国家综合实力,B
966,全面深化改革，必须坚定（）立场。,人民,党的,国家利益,社会主义,A
967,（）是中国特色社会主义的本质要求和重要保障。,全面建设社会主义现代化强国,全面深化改革,全面依法治国,全面从严治党,C
968,（）明确把依法治国确立为治理国家的基本方略，把建设社会主义法治国家确定为社会主义现代化建设的重要目标。,党的十四大,党的十五大,党的十六大,党的十七大,B
969,1999年3月，九届全国人大二次会议通过的《中华人民共和国宪法修正案》将（）正式写入宪法。,以法治国,依法制国,依法治国,依宪治国,C
970,2010年，中国已经形成了以（）为核心的中国特色社会主义法律体系，为改革开放和社会主义现代化建设提供了有力的法治保障。,民主,法律,法制,宪法,D
971,2014年十八届四中全会通过了（），明确提出全面推进依法治国，加快建设法治中国，开启了中国特色社会主义法治道路的新征程。,《关于全面推进依法制国若干重大问题的决定》,《关于全面推进依法治国若干重大问题的决定》,《关于全面推进以法治国若干重大关系问题的决定》,《关于全面推进依宪治国若干重大问题的决定》,B
972,（）是社会主义法治最根本的保证。,党的领导,公平正义,依法治国,社会和谐,A
973,建设中国特色社会主义法治体系，首先是（）。,加强法治专门队伍和法律服务队伍建设,要建立严密的法治监督体系,要完善以宪法为核心的中国特色社会主义法律体系,要加强党内法规制度建设,C
974,新时代党的建设总要求是坚持和加强党的全面领导，坚持党要管党、全面从严治党，以（）为主线。,加强党的长期执政能力建设、先进性和纯洁性建设,党的政治建设,坚定理想信念宗旨,调动全党积极性、主动性、创造性,A
975,新时代党的建设要以（）为统领。,思想建设,组织建设,作风建设,政治建设,D
976,党的政治建设是党的根本性建设，决定（）。,党的建设方向和效果,党的建设的目标和价值,党的建设的方向和价值,党的建设的途径和方法,A
977,党的政治建设的首要任务是（）。,坚定执行党的政治路线，严格遵守政治纪律和政治规矩,保证全党服从中央，坚持党中央权威和集中统一领导,要尊崇党章，严格执行新形势下党内政治生活若干准则,完善和落实民主集中制的各项制度，坚持民主基础上的集中和集中指导下的民主相结合,B
978,（）是党的基础性建设,政治建设,组织建设,思想建设,制度建设,C
979,（）的核心是保持党同人民群众的血肉联系。,作风建设,思想建设,组织建设,政治建设,A
980,严明党的纪律，首要的是严明（）纪律。,思想,组织,政治,生活,C
981,加强（）建设是全面从严治党的长远之策、根本之策。,思想,制度,组织,政治,B
982,党的干部是党和国家事业的中坚力量，党坚持党管干部原则，坚持正确选人用人导向，突出（），提拔重用忠诚干净担当的干部。,经济导向,文化素质,道德水平,政治标准,D
983,新时代党的好干部标准是（）。,信念坚定、为民服务、勤政务实、敢于担当、清正廉洁,有理想、有道德、有文化、有素质,年轻化、革命化、专业化,政治过硬、经济能干、文化素质高,A
984,党的（）通过了《中共中央关于党的百年奋斗重大成就和历史经验的决议》,十九大,十九届三中全会,十九届五中全会,十九届六中全会,D
985,党的第二个百年奋斗目标是（）,全面建成社会主义现代化强国,全面建成社会主义现化代国家,全面建设社会主义现代化强国,全面建设社会主义现代化国家,A
986,（）竞争是国家间根本的竞争。,文化,制度,科技,军事,B
987,我国国家制度和国家治理体系具有()个方面的显著优势,8,10,13,14,C
988,邓小平曾经指出，和平问题是东西问题，（）问题是南北问题。,战争,发展,稳定,经济发展,B
989,邓小平理论形成的时代背景是（）成为时代主题。,和平,发展,和平与发展,经济建设,C
990,“文革”结束后，党的（）重新确立解放思想、实事求是的思想路线。,十一届三中全会,十二大,十三大,十四大,A
991,邓小平在党的（）开幕词中首次明确提出中国特色社会主义这一命题。,十一大,十二大,十三大,十四大,B
992,党的十三大，第一次比较系统地论述了我国（）理论。,社会主义初级阶段,经济建设,政治体制改革,文化发展,A
993,"1984年党的十二届三中全会作出了《关于经济体制改革的决定》，
提出社会主义经济是公有制基础上的有计划的（）。",市场经济,商品经济,计划经济,社会主义市场经济,B
994,党的（）正式提出了“邓小平理论”这一概念。,十四大,十五大,十六大,十七大,B
995,我国社会主义初级阶段是（    ）。,任何国家进入社会主义都必然经历的起始阶段,特指我国在生产力落后，商品经济不发达条件下建设社会主义必然要经历的阶段,由新民主主义向社会主义过渡的阶段,由半殖民地、半封建社会向社会主义社会过渡的阶段,B
996,党的十三大报告提出党在社会主义初级阶段的（）。,基本路线,基本纲领,基本方针,基本政策,A
997,以经济建设为中心，回答了社会主义的（）问题。,根本目标,根本任务,本质特征,基本目标,B
998,坚持四项基本原则，回答了解放和发展生产力的（）问题。,政治保证,政治保障,理论前提,发展动力,A
999,坚持改革开放，回答了社会主义的（）和外部条件问题。,发展目标,发展动力,发展道路,发展方向,B
1000,"“领导和团结全国各族人民”，这是实现社会主义现代化奋斗目标的
领导力量和（）。",基础力量,根源源泉,依靠力量,保障力量,C
1001,自力更生、艰苦奋斗，这是实现社会主义初级阶段奋斗目标的（）。,基本前提,基本保证,根本立足点,根本着力点,C
1002,我国社会主义初级阶段的主要矛盾是（    ）。,工人阶级与资产阶级之间的矛盾,人民日益增长的美好生活需要和落后的社会生产之间的矛盾,促进效率提高与体现社会公平之间的矛盾,人口增长与经济发展不相适应的矛盾,B
1003,（）是社会发展的最根本的决定性因素。,生产力,生产关系,阶级斗争,劳动力,A
1004,社会主义的根本任务是（）。,阶级斗争,发展,发展生产力,提高人民生活水平,C
1005,把“和谐”与“富强民主文明”一起写入了社会主义初级阶段基本路线的是（    ）。,党的十七大,党的十六大,党的十五大,党的十四大,A
1006,"把“美丽”与“富强民主文明和谐”一起写入了社会主义初级阶段
基本路线的是（    ）。",党的十七大,党的十六大,党的十五大,党的十八大,D
1007,根据邓小平提出的“三步走”发展战略，我国到21世纪中叶的战略目标是（        ）。,全面建成小康社会,基本接近发达国家水平，生活比较富裕,基本实现现代化，达到中等发达国家的水平,物质文明与精神文明基本协调发展,C
1008,改革是社会主义社会发展的（）。,直接动力,强大动力,力量源泉,内生动力,A
1009,我国经济体制改革的核心问题是如何正确认识和处理（）的关系。,计划与市场,资本主义和社会主义,发展速度和效益,稳定与发展,A
1010,“和平统一、一国两制”的核心是（）。,实行两种制度,坚持一个中国,和平统一,祖国统一,B
1011,“一国两制”伟大构想的提出是从解决（）问题开始的。,香港,澳门,金门,台湾,D
1012,“一国两制”伟大构想在实践中首先运用于解决（）问题、澳门问题。,香港,马祖,金门,台湾,A
1013,建设中国特色社会主义，关键是坚持、加强和改善（）。,政府领导,市场作用,党的领导,人大政协作用,C
1014,（）是中国特色社会主义理论体系的开篇之作。,毛泽东思想,邓小平理论,“三个代表”重要思想,科学发展观,B
1015,邓小平曾经指出，实现现代化，关键是（）。,人才,科教兴国,科学技术,发展经济,C
1016,（）是最根本的党规党法，各级党组织和每个党员都要按党章办事。,宪法,各种法律,党章,人民代表大会制度,C
1017,（）是马列主义的精髓，是毛泽东思想的精髓，也是邓小平理论的精髓。,实事求是,解放思想,本本主义,阶级斗争,A
1018,《论十大关系》形成于（  ）年,一九五六,一九五七,一九五八,一九五九,A
1019,《论十大关系》以（）国为借鉴对象,日本,苏联,美国,英国,B
1020,《论十大关系》确定的基本方针是（）,以苏为鉴,努力把党内党外、国内国外的一切积极的因素，直接的、间接的积极因素全部调动起来,以经济建设为中心,一个中心，两个基本点,B
1021,判断人们的言论和行动是非的六条标准中最重要的一条（）是,经济发展,社会进步,人民生活水平的提高,有利于巩固共产党的领导，而不是摆脱或者削弱这种领导,D
1022,毛泽东的（    ），初步总结了我国社会主义建设的经验，明确提出了以苏为鉴，独立自主地探索适合中国情况的社会主义建设道路。,《湖南农民运动考察报告》,《矛盾论》,《新民主主义论》,《论十大关系》,D
1023,中国特色社会主义建设道路的探索始于（    ）。,毛泽东,邓小平,江泽民,胡锦涛,A
1024,毛泽东提出的实现马克思主义与中国实际的“第二次结合”，就是要（    ）。,走出中国自己的社会主义革命道路,走出中国自己的社会主义建设道路,延续“第一次结合”的内容,弥补“第一次结合”的错误,B
1025,中国共产党关于社会主义建设道路的探索是（    ）开始的。,从探索了工业化的道路后,在对苏联模式弊端已有认识的背景下,从对社会主义社会基本矛盾的认识基础上,从中国社会主义改造道路的实践中,B
1026,体现社会主义建设道路初步探索的理论成果的重要著作是（    ）。,《中国社会各阶级的分析》和《湖南农民运动考察报告》,《实践论》和《矛盾论》,《新民主主义论》和《论人民民主专政》,《论十大关系》和《关于正确处理人民内部矛盾的问题》,D
1027,毛泽东的（    ）一文标志着党探索中国社会主义建设道路的良好开端。,《实践论》,《新民主主义论》,《论人民民主专政》,《论十大关系》,D
1028,最早专门系统论述社会主义社会的矛盾问题，并形成了社会主义社会矛盾的学说的无产阶级革命导师是（    ）。,马克思,列宁,斯大林,毛泽东,D
1029,1957年毛泽东所作的系统论述社会主义社会矛盾的理论的报告是（    ）。,《实践论》,《矛盾论》,《论十大关系》,《关于正确处理人民内部矛盾的问题》,D
1030,中国共产党的第八次全国代表大会是在（    ）年召开的。,一九四五,一九四九,一九五六,一九六六,C
1031,1956年召开的党的代表大会是党的（    ）。,七大,八大,九大,十大,B
1032,敌我矛盾和人民内部矛盾这两类性质完全不同的矛盾，是社会主义社会的矛盾在（    ）上的反映。,政治,经济,文化,生态,A
1033,在社会主义社会，关于两类不同性质的矛盾的观点，正确的是（    ）。,敌我矛盾居于主导地位,人民内部矛盾居于主导地位,敌我矛盾和人民内部矛盾都居于主导地位,敌我矛盾和人民内部矛盾都不居于主导地位,B
1034,毛泽东指出，解决人民内部矛盾的总方针是（    ）。,民主的方法,“团结—批评—团结”的方法,“百花齐放、百家争鸣”的方法,“长期共存、互相监督”的方法,A
1035,根据《关于正确处理人民内部矛盾的问题》的分析，对于政治思想领域的人民内部矛盾，解决的具体方针是（    ）。,“团结—批评—团结”,“批评—团结—批评”,“团结—批评—批评”,“批评—团结—团结”,A
1036,根据《关于正确处理人民内部矛盾的问题》的分析，对于物质利益、分配方面的人民内部矛盾，解决的具体方针是（    ）。,“团结—批评—团结”,统筹兼顾、适当安排,“百花齐放、百家争鸣”,“长期共存、互相监督”,B
1037,根据《关于正确处理人民内部矛盾的问题》的分析，对于科学文化领域里的人民内部矛盾，解决的具体方针是（    ）。,“团结—批评—团结”,统筹兼顾、适当安排,“百花齐放、百家争鸣”,“长期共存、互相监督”,C
1038,根据《关于正确处理人民内部矛盾的问题》的分析，对于科学文化领域里的人民内部矛盾，解决的具体方针是（    ）,“百花齐放、百果飘香”,“百花齐放、百家争鸣”,“百果飘香、百家争鸣”,“百家争鸣、百舸争流”,B
1039,根据《关于正确处理人民内部矛盾的问题》的分析，对于共产党和民主党派的人民内部矛盾，解决的具体方针是（    ）。,“团结—批评—团结”,统筹兼顾、适当安排,“百花齐放、百家争鸣”,“长期共存、互相监督”,D
1040,根据《关于正确处理人民内部矛盾的问题》的分析，对于民族之间的人民内部矛盾，解决的具体方针是（    ）。,民族平等、团结互助,汉族至上、少数民族次之,少数民族至上、汉族次之,责任均等、各打五十大板,A
1041,中国共产党很早就重视国家的工业化问题，早在（    ）时期，毛泽东就指出，中国的民族独立有巩固的保障，就必须工业化。,大革命,土地革命,抗日战争,解放战争,C
1042,在（    ）一文中，毛泽东明确提出要走一条有别于苏联的中国工业化的道路。,《新民主主义论》,《论人民民主专政》,《论十大关系》 ,《关于正确处理人民内部矛盾的问题》,D
1043,社会主义改造完成进入全面社会主义建设时期，为逐步建立独立的比较完整的基础工业体系和国防工业体系，我们把（    ）作为我国经济建设的重点。,重工业,轻工业,农业,服务业,A
1044,社会主义建设时期，毛泽东提出了以农业为基础，以工业为主导，以（    ）为序的发展国民经济的总方针。,农轻重,农重轻,重农轻,重轻农,A
1045,社会主义建设时期，关于所有制结构的调整，提出要注意发展手工业和农业多种经营的思想的党和国家领导人是（    ）。,毛泽东,刘少奇,周恩来,朱德,D
1046,社会主义建设时期，提出“三个主体、三个补充”设想的党和国家领导人是（    ）。,毛泽东,周恩来,陈云,邓小平,C
1047,社会主义建设时期，提出“两参一改三结合”思想的党和国家领导人是（    ）。,毛泽东,周恩来,陈云,邓小平,A
1048,社会主义建设时期，提出“我们的目标，是想造成一个又有集中又有民主，又有纪律又有自由，又有统一意志，又有个人心情舒畅、生动活泼，那样一种政治局面，以利于社会主义革命和社会主义建设”思想的党和国家领导人是（    ）。,毛泽东,刘少奇,周恩来,朱德,A
1049,社会主义建设时期，党和毛泽东提出了实现四个现代化的宏伟目标，并强调实现四个现代化关键在于（    ）。,农业现代化,工业现代化,国防现代化,科学技术现代化,D
1050,社会主义建设时期，关于科学和教育，提出实行“两种劳动制度、两种教育制度”设想的党和国家领导人是（    ）,毛泽东,刘少奇,周恩来,朱德,B
1051,社会主义建设时期，提出知识分子是工人阶级一部分的观点的党和国家领导人是（    ）。,毛泽东,刘少奇,周恩来,朱德,C
1052,社会主义民主的本质是（    ）。,人民当家作主,公民当家作主,工人当家作主,农民当家作主,A
1053,我国社会主义制度建立以后，在全党和全国工作重心（    ）的时候，面临着一个如何认识和处理社会主义社会矛盾的问题。,由革命转向改造,由革命转向建设,由革命转向改革,由建设转向改革,B
1054,新中国的工业化是在（    ）的影响下起步的。,英国,美国,日本,苏联,D
1055,社会主义建设时期，提出要建立“适合于我国情况和人民需要的社会主义市场”的思想的党和国家领导人是（    ）。,毛泽东,刘少奇,陈云,邓小平,C
1056,社会主义建设时期，党提出了“向科学进军”的口号，强调实现四个现代化关键在于科学技术现代化，要实行（    ）的科技发展战略，努力赶超世界先进水平。,全面发展、步步跟上,全面发展、迎头赶上,重点发展、步步跟上,重点发展、迎头赶上,D
1057,社会主义建设时期，提出“我们的教育方针，应该使受教育者在德育、智育、体育几方面都得到发展，成为有社会主义觉悟的有文化的劳动者”的教育思想的党和国家领导人是（    ）。,毛泽东,刘少奇,周恩来,朱德,A
1058,中国共产党的指导思想是（  ）。,马克思主义,列宁主义,马克思列宁主义,毛泽东思想,C
1059,中国革命和建设取得成功的根本经验是（  ）。,独立自主、自力更生,把马克思主义与中国具体实际相结合,武装斗争、党的建设、统一战线,群众路线,B
1060,（  ）会议确立了毛泽东在全党的实际领导地位。,八七会议,中共七大,遵义会议,党的六届六中全会,C
1061,（  ）会议正式将毛泽东思想确立为党的指导思想并写入党章。,中共七大,党的六届六中全会,中共八大,遵义会议,A
1062,中国共产党推进马克思主义中国化过程中的第一个重大理论成果是（  ）。,中国特色社会主义理论体系,毛泽东思想,邓小平理论,新民主主义革命理论,B
1063,在中国共产党的历史上，（  ）第一个明确提出了“马克思主义中国化”的命题。,李大钊,陈独秀,毛泽东,刘少奇,C
1064,（  ）实现了马克思主义中国化的第一次历史性飞跃。,中国特色社会主义理论体系,新民主主义革命理论,邓小平理论,毛泽东思想,D
1065,毛泽东思想产生和形成的实践基础是(  )。,中国共产党领导的工人运动,中国共产党领导的革命和建设实践,中国共产党领导的学生运动,中国共产党领导的农民运动,B
1066,（  ）为中国送来了马克思列宁主义，帮助中国的先进分子用无产阶级的世界观作为观察国家命运的工具。,共产国际,俄国十月革命的胜利,明治维新,欧洲1848年革命,B
1067,毛泽东思想是在总结（  ）的基础上，逐步形成和发展起来的。,中国革命的历史经验,中国建设的历史经验,中国革命和建设正反两方面历史经验,苏联经验,C
1068,毛泽东称之为“改变了整个世界历史的方向，划分了整个世界历史的时代”的是（  ）。,欧洲1848年革命,共产国际建立,苏联建国,俄国十月革命的胜利,D
1069,毛泽东思想紧紧围绕的主题是（  ）。,中国革命,社会主义建设,中国革命和建设,中国建设和改革,C
1070,（  ）是毛泽东思想达到成熟的主要标志。,新民主主义革命理论,社会主义革命理论,社会主义建设理论,军事战略理论,A
1071,毛泽东思想的精髓和根本出发点是（ ）,实事求是,群众路线,独立自主,党的建设,A
1072,毛泽东规定了（  ）是人民军队的唯一宗旨。,一切从实际出发,全心全意为人民服务,密切联系群众,理论联系实际,B
1073,我们党一切行动的根本出发点和落脚点是（  ）,密切联系群众,理论联系实际,全心全意为人民服务,实事求是,C
1074,我们党区别于其他一切政党的根本标志是（  ),密切联系群众,理论联系实际,独立自主、自力更生,全心全意为人民服务,D
1075,毛泽东规定了（  ）的军事原则。,枪指挥党,党枪一致,党联系枪,党指挥枪,D
1076,毛泽东指出（  ）是党的生命。,创新和突破,服务和信念,政策和策略,战略和方法,C
1077,毛泽东提倡，知识分子要同（  ）相结合。,工人,生产,实践,工农,D
1078,毛泽东指出，（  ）是一个根本的问题，原则的问题。,理论学习的问题,为什么人的问题,理想的问题,信念的问题,B
1079,毛泽东提出，党员不但要在组织上入党，而且要在（  ）上入党。,思想,行动,觉悟,精神,A
1080,毛泽东创造了全党通过（  ）进行马克思列宁主义思想教育的整风形式。,批判与斗争,批评与激励,反思与辩论,批评与自我批评,D
1081,毛泽东多次要求全党警惕资产阶级思想的侵蚀，反对脱离群众的（）。,官僚主义,主观主义,享乐主义,本本主义,A
1082,毛泽东晚年的错误是由于违反了他自己主张的（  ）原则。,理论联系实际,实事求是,艰苦奋斗,独立自主,B
1083,毛泽东思想包含毛泽东一生中（  ）。,全部的探索,早年的经验,错误的部分,正确的部分,D
1084,毛泽东思想是（  ）。,毛泽东的全部思想,毛泽东的理论探索,毛泽东的实践经验,中国共产党集体智慧的结晶,D
1085,中国共产党始终是中国工人阶级的先锋队，同时是（　 ）。,全体劳动者的先锋队 ,中华民族的先锋队,中国人民的先锋队 ,中国人民和中华民族的先锋队,D
1086,中国共产党的最高理想和最终目标是（   ）。,全面建成小康社会,建设社会主义和谐社会,实现社会主义现代化,实现共产主义,D
1087,中国共产党的宗旨是(    )。,推动政治建设　,搞好经济建设 ,全心全意为人民服务,发展文化,C
1088,（    ）是历史的创造者，是推动历史进步的动力。,人民群众,伟大领袖,统治阶级,思想家,A
1089,中国共产党以（    ）为理论基础和行动指南。,社会主义,马克思主义,资本主义,封建主义,B
1090,社会主义现代化建设的根本保证是(  )。,坚持经济建设为中心,坚持党政分开,坚持改革开放,坚持中国共产党的领导,D
1091,（    ）是出卷人，党是答卷人。,时代,人民,中国共产党,穷人,A
1092,（    ）是中国特色社会主义事业的领导核心。,工人,人民,中国共产党,知识分子,C
1093,“四个伟大”中，（    ）是目标，指引前进方向。,伟大斗争,伟大工程,伟大事业,伟大梦想,D
1094,"“四个伟大”中，（    ）是手段,目标激发前进动力。",伟大斗争,伟大工程,伟大事业,伟大梦想,A
1095,“四个伟大”中，（    ）是保障，提供前进保证。,伟大斗争,伟大工程,伟大事业,伟大梦想,B
1096,“四个伟大”中，（    ）是主题，开辟前进道路。,伟大斗争,伟大工程,伟大事业,伟大梦想,C
1097,“四个伟大”中，起决定性作用的是（    ）,具有新的历史特点的伟大斗争,中国特色社会主义伟大事业,实现中华民族伟大复兴的伟大梦想,党的建设伟大工程,D
1098,(      )是最高政治领导力量。,国家,全国人民代表大会,党,领袖,C
1099,（    ）立场是中国共产党的根本立场。,马克思主义,人民,社会主义,共产主义,B
1100,中国共产党要善于研究实践中不断出现的新问题、善于在实践中增长解决问题的新本领，这要求中国共产党必须建设（     ）政党。,改革型,服务型,创新型,学习型,D
1101,确保党始终总揽全局、协调各方，必须增强“四个意识”。“四个意识”是指（    ）,思想意识、大局意识、核心意识、看齐意识。,政治意识、全局意识、核心意识、看齐意识。,政治意识、大局意识、核心意识、统一意识。,政治意识、大局意识、核心意识、看齐意识。,D
1102,中国共产党坚持执政为民，把（    ）作为我们的奋斗目标。,全体人民的共同富裕,人民对美好生活的向往,社会的公平正义,构建社会主义和谐社会,B
1103,中国共产党的最高理想和最终目标是（    ）,实现共产主义,带领人民共同富裕,长期执政,构建人类命运共同体,A
1104,进入21世纪，国际形势发生广泛而深刻的变化，但（）仍是时代主题。,和平,发展,民主,和平与发展,D
1105,（  ）的一个重要标志是互联网的飞速发展和广泛应用。,经济全球化,文化多样化,社会信息化,世界多极化,C
1106,中国独立自主的和平外交政策，就是把国家主权和（）放在第一位。,稳定,安全,发展,进步,B
1107,维护世界（）、促进共同发展，是中国外交政策的宗旨。,和平,安全,稳定,和谐,A
1108,中国倡导的新型国际关系，核心是维护（）。,世界上所有国家利益,联合国宪章的宗旨和原则,世界稳定,世界和平,B
1109,推动建立新型国际关系，要在（）基础上发展同世界各国的友好合作。,平等互利,共建共享,和平共处五项原则,互利共赢,C
1110,发展是第一要务，适用于各国，而人类命运共同体追求的是（）。,和平发展,共同发展,科学发展,协调发展,B
1111,文化已成为国家核心竞争力的重要组合部分，越来越多的国家把提高（）作为重要发展战略。,教育水平,国民素质,国民受教育水平,文化软实力,D
1112,当前全球政治经济版图正在发生改变的一个重要标志是新兴市场国家和（）集体性崛起。,第三世界国家,亚洲国家,中国,发展中国家,D
1113,20世纪90年代以来，全球资本的跨国流动迅速加快的一个重要原因是（）。,冷战结束,信息技术取得突破并广泛应用,经济金融化,资本管制的取消,B
1114,中国始终把坚决维护国家主权、安全、（）作为外交工作的基本出发点和落脚点。,发展权,发展利益,经济利益,政治利益,B
1115,推动建立新型国际关系，要积极参与（）改革和建设。,全球经济秩序,全球政治秩序,全球治理体系,全球政治与经济秩序,C
1116,各国都有平等参与地区安全事务的权利，也都有维护地区安全的义务，要以（）、互利合作的方式解决安全难题。,和而不同,彼此理解,对话协商,对话交流,C
1117,党的十八大以来，以习近平同志为核心的党中央创新国家安全理念，统揽国家安全全局，创造性提出总体国家安全观。总体国家安全观突出的是“（）”理念。,总体,大安全,综合,非传统安全,B
1118,（）是人民幸福安康的基本要求。,人民自由,政治稳定,国家安全,经济发展,C
1119,坚持总体国家安全观，必须以（）为宗旨。,人民安全,政治安全,经济安全,国土安全,A
1120,坚持总体国家安全观，必须以（）为根本。,人民安全,政治安全,经济安全,国土安全,B
1121,坚持()，是做好国家安全工作的根本原则，是维护国家安全和社会安定的根本保证。,党的绝对领导,以人民为中心,依法执政,提高国家竞争力,A
1122,“黑天鹅”事件是指（）的事件。,概率很大但风险很小,概率很大风险也很大,概率很小风险也很小,概率很小但风险很大,D
1123,“灰犀牛”事件是指（）的事件。,概率很大但风险很小,概率很大风险也很大,概率很小风险也很小,概率很小但风险很大,B
1124,习近平强军思想深刻回答了（）的时代课题。,新时代建设一支什么样的强大人民军队、怎样建设强大人民军队,军队建设与发展,党指挥枪,军队中的改革,A
1125,习近平指出，强国必须强军，巩固国防和强大人民军队是新时代坚持和发展中国特色社会主义、实现中华民族伟大复兴的（）。,重要保障,战略支撑,重要前提,基本条件,B
1126,党在新时代的强军目标是力争到（）年基本实现国防和军队现代化，到本世纪中叶把人民军队全面建成世界一流军队。,2020,2030,2035,2050,C
1127,党对军队的绝对领导是人民军队（），必须全面贯彻党领导军队的一系列根本原则和制度，确保部队绝对忠诚、绝对纯洁、绝对可靠。,建军之魂、强军之本,建军之基、立军之本,建军之本、强军之魂,立军之本，发展之魂,C
1128,军队是要准备打仗的，必须聚焦能打仗、打胜仗，创新发展军事战略指导，构建（）体系。,现代化军事,高科技作战,高水平、强能力军事,中国特色现代作战,D
1129,()是我军鲜明特色和政治优势，必须加强作风建设、纪律建设，坚定不移正风肃纪、反腐惩恶。,敢打硬仗,作风优良,忠诚,能打胜仗,B
1130,在长期实践中，我军培育和形成了一整套光荣传统和优良作风，要大力弘扬我党我军光荣传统和优良作风，永葆人民军队（）。,性质、宗旨、本色,战斗能力,本色,高科技水平,A
1131,现代化军队必须构建（），推进治军方式根本性转变，提高国防和军队建设法治化水平。,高科技军事体系,中国特色军事法治体系,创新体系,先进军事体系,B
1132,推进强军事业，必须毫不动摇坚持党对军队的（），确保人民军队永远听党话、跟党走。,绝对指挥,绝对领导,设计和规划,谋划和指挥,B
1133,党对军队绝对领导的根本原则和制度，发端于()，是人民军队完全区别于一切旧军队的政治特质和根本优势。,三湾改编,南昌起义,古田会议,遵义会议,B
1134,历史告诉我们，（）是保持人民军队本质和宗旨的根本保障，这是我们党在血与火的斗争中得出的颠扑不破的真理。,党指挥枪,自主自立,政治协商,中国共产党,A
1135,军队必须完全地无条件地置于中国共产党的领导之下，军队最高领导权和指挥权属于（）。,党中央,广大人民,党中央、中央军委,中央军委,C
1136,（）是党对军队绝对领导的最高实现形式。,军委主席负责制,国家主席负责制,首长负责制,党委负责制,A
1137,强军要把（）作为唯一的根本的标准，无论过去、现在和将来，这个标准始终是军事领域衡量利弊得失的重要标准。,保家卫国,爱国敬业,战斗力,从严治军,C
1138,习近平强调：“谁牵住了（）这个‘牛鼻子’，谁走好了这步先手棋，谁就能占领先机、赢得优势。”,改革开放,科技创新,社会治理,生产力,B
1139,构建（）是建设世界一流军队的力量基础。总体来说，就是要建设现代化陆军、海军、空军、火箭军、战略支援部队和武警部队，促进各军兵种力量协调发展。,中国特色社会主义,中国特色现代军事力量体系,强军机制,科技体系,B
1140,火箭军是我国战略威慑的核心力量，要按照（）的原则，着力提高战略威慑与核反击和中远程精确打击能力。,重视核武器,发展常规力量,联合作战,核常兼备、全域慑战,D
1141,人民军队的生命力在于战斗力。新形势下人民军队的职能使命不断拓展，但作为（）的根本职能始终没有变。,先遣队,先锋队,战斗队,保卫队,C
1142,坚持（）和强军相统一是我们党的一贯主张。,富国,改革,开放,社会发展,A
1143,江泽民指出，我国现代化建设的一条重要经验，就是坚持国防建设与经济建设协调发展的方针，在()的基础上推进国防和军队现代化。,社会发展,经济发展,自强不息,以人为本,B
1144,（）是我国现代化建设的战略任务，只有把它搞上去了，经济建设才能有更加坚强的安全保障。,社会建设,科技建设,文化建设,国防建设,D
1145,走（）发展路子，是实现富国和强军统一的重要途径。,高科技军事体系,两化融合,军民融合式,国防建设,C
1146,军政军民团结是实现富国和强军相统一的重要政治保障，是我党我军特有的政治优势，要坚持（）的战略思想。,人民战争,和谐团结,社会发展,科技进步,A
1147,为增强打赢未来战争的国防潜力，一定要建立健全（）体制机制，深化民兵预备役体制改革，优化后备力量规模、结构和布局。,预备役,人民战争,国防动员,战时动员,C
1148,加强国防教育，增强（）观念，使关心国防、热爱国防、建设国防、保卫国防成为全社会的思想共识和自觉行动。,国防,保卫国防,保家卫国,全民国防,D
1149,“一国两制”就是在统一的国家之内，国家主体实行社会主义制度，()依法实行资本主义制度。,自治区,部分地区,个别地区,香港澳门,C
1150,全面准确贯彻“一国两制”，必须落实中国对特别行政区的全面（）,管理权,管治权,治理权,主权,B
1151,全面准确贯彻“一国两制”，必须聚焦发展这个第一要务，推动（）融入国家发展大局。,港澳,粤港澳,港澳台,台湾,A
1152,全面准确贯彻“一国两制”，必须坚持（）治港治澳原则,本地人,专业人士,爱国者,人民,C
1153,2020年6月，十三届全国人大常委会第二十次会议通过（），并将其列入香港基本法附件三。,《全国人民代表大会关于建立健全香港特别行政区维护国家安全的法律制度和执行机制的决定》,《中华人民共和国香港特别行政区维护国家安全法》,《全国人民代表大会关于完善香港特别行政区选举制度的决定》,《香港特别行政区行政长官的产生办法》,B
1154,两岸同属一个国家、两岸同胞同属一个民族，中国的（）从未分裂。,主权和治权,主权和国际承认,主权和领土完整,主权和国家认同,C
1155,（）损害国家主权和领土完整，是两岸关系和平发展的最大障碍，是台海和平稳定的最大威胁。,民进党,“台独”分裂势力及其活动,外来干涉,美国霸权主义行径,B
1156,“在海峡两岸共同努力谋求国家统一的过程中，双方虽均坚持一个中国的原则，但对于一个中国的涵义，认知各有不同。”这是（）关于“九二共识”的表述。,海基会,海协会,民进党,国民党,A
1157,"按照“三个代表”要求全面加强党的建设,根本目的就在于保证我们党能够始终保持：",先进性,同人民群众的血肉联系,代表性,正确性,B
1158,贯彻“三个代表”要求，关键在坚持与时俱进，核心在保持党的先进性，本质在坚持（）。,科学发展观,以人为本,执政为民,立党为公,C
1159,将“三个代表”重要思想与马克思列宁主义、毛泽东思想和邓小平理论一道确立为党必须长期坚持的指导思想，并写入党章。,十五大,十六大,十七大,十四大,B
1160,江泽民指出，（）是决定一个政党、一个政权兴亡的根本性因素。,人民利益,执政水平,人心向背,生产力,C
1161,党的一切工作，必须以最广大人民的根本利益为最高标准。任何时候都必须坚持尊重社会发展规律与尊重()的一致性。,人民历史主体地位,最广大人民根本利益,各阶层人民的根本利益,人民群众的根本利益,A
1162,党要承担起推动中国社会进步的历史责任，必须始终紧紧抓住()这个执政兴国的第一要务,创新,发展,和谐,改革,B
1163,党的()正式把建立社会主义市场经济体制确立为我国经济体制改革的目标。,十三大,十四大,十五大,十六大,B
1164,()全会通过的《关于建立社会主义市场经济体制若干问题的决定》，勾画了建立社会主义市场经济体制的蓝图和基本框架。,十四届三中全会,十四届二中全会,十四届六中全会,十四届五中全会,A
1165,建立社会主义市场经济体制，必须坚持和完善公有制为主体、多种所有制经济（）的社会主义基本经济制度。,并存,共同发展,相互促进,协同发展,B
1166,要在更大程度上发挥市场在资源配置中的基础性作用，健全（）的现代市场体系，促进商品和生产要素在全国市场自由流动。,开放、和谐、创新、发展,统一、开放、竞争、有序,竞合、包容、互利、互惠,自由、平等、和谐、共处,B
1167,江泽民对全面建设小康社会、实现第三步战略目标进行了前瞻性的战略思考。他在党的（）报告中初步勾画了实现第三步战略目标的蓝图：,十三大,十四大,十五大,十六大,C
1168,十五届五中全会进一步提出，从（）开始，我国将进入全面建设小康社会、加快推进社会主义现代化的新的发展阶段。,二十世纪前十年,建党一百年,建国一百年,新世纪,D
1169,建设社会主义政治文明涉及政治思想、政治制度、（）、法制建设等方面，是一个系统工程。,体制改革,行政管理,社会治理,政治生态,B
1170,在建设社会主义政治文明过程中，依法治国是党领导人民治理国家的()。,本质要求,重要前提,基本方略,核心问题,C
1171,依法治国，是党领导人民治理国家的基本方略，是发展社会主义市场经济的客观需要，是（）的重要标志，是国家长治久安的重要保障。,社会文明进步,社会发展,文明演进,社会历史发展,A
1172,依法治国，要适应社会主义市场经济发展、社会全面进步的新形势，加强（），提高（），形成中国特色社会主义法律体系。,立法工作、工作质量,立法质量、执法工作,立法水平、立法建设,立法工作、立法质量,D
1173,政治体制改革要着重加强()，实现社会主义民主政治的制度化、规范化和程序化。,社会建设,司法建设,制度建设,执法建设,C
1174,发展社会主义民主政治，必须在坚持（）的前提下，继续积极稳妥地推进政治体制改革,邓小平思想,毛泽东理论,四项基本原则,改革开放,C
1175,坚持中国共产党的领导，就是要坚持党在建设中国特色社会主义事业中的（）地位，发挥党总揽全局、协调各方的作用。,政治,重要,领导核心,思想领导,C
1176,推进党的建设新的伟大工程要求我们：一定要坚持党要管党、从严治党的方针，进一步解决提高党的领导水平和()、提高拒腐防变和抵御风险能力这两大历史性课题,执行能力,执政能力,建设能力,管理能力,B
1177,从严治党，最根本的就是党的各级组织和全体党员、干部，都要做到严格按照（）办事，按照党内政治生活准则和党的各项规定办事。,党章,执政能力,方针,条例,A
1178,坚决反对和防止腐败是全党一项重大的政治任务，是关系党和国家生死存亡的（）。,重大问题,政治问题,思想问题,严重政治斗争,D
1179,坚持和完善反腐败领导体制和工作机制，认真落实()，形成防止和惩治腐败的合力。,党风廉政建设责任制,三讲教育,腐败教育,各项监督,A
1180,“三个代表”重要思想是中国特色社会主义理论体系的重要组成部分。始终做到“三个代表”，是我们党的立党之本、（）、力量之源。,发展之基,执政之基,创新之力,建党之旨,B
1181,“三个代表”重要思想坚持把人民的根本利益作为出发点和归宿，提出“（）的利益是最紧要和最具有决定性的因素”。,人民,多数人,最大多数人,全体公民,C
1182,"“三个代表”重要思想强调要努力促进(),这同推进经济、文化的发展和改善人民物质文化生活，是互为前提和基础的。",以人为本,科学发展,执政为民,人的全面发展,D
1183,“三个代表”重要思想，形成了崭新的马克思主义建党学说，回答了我们党（）一个重大历史性问题。,建设成为一个什么样的党和怎样建设党,如何执政,如何发展,如何创新,A
1184,“三个代表”重要思想把发展先进生产力、发展先进文化和实现最广大人民的根本利益统一起来，从深层次上揭示了（）。,社会主义的本质,社会主义制度不断完善和发展的途径,社会主义核心价值观,如何建设社会主义,B
1185,始终代表中国最广大人民的根本利益，强调以人民群众的利益、要求和实践为最高价值标准和评价标准，体现了我们党的（）和我们国家的（）。,宗旨、性质,目标、追求,价值观、宗旨,水平、体制,A
1186,在“三个代表”重要思想的指导下，我们党和国家推进社会主义()改革，进一步消除了束缚生产力发展的体制性障碍,计划经济,市场经济,机制体制,政治体制,B
1187,"在“三个代表”重要思想的指导下,积极稳妥地推进政治体制改革，建设社会主义（），促进了社会主义政治制度的自我完善和发展。",精神文明,政治文明,物质文明,生态文明,B
1188,“三个代表”重要思想提出了党的建设的新要求，必须使全党始终保持（）的精神状态，不断开拓马克思主义理论发展的新境界。,求真务实,实事求是,积极创新,与时俱进,D
1189,“三个代表”重要思想从新的高度提出必须改进党的领导方式和执政方式，既保证党委的（）作用，又充分发挥人大、政府、政协以及人民团体和其他方面的职能作用。,领导核心,带头,引导,各项监督,A
1190,“三个代表”重要思想反映了当代世界和中国的发展变化对党和国家工作的新要求，是加强和改进党的建设、推进我国社会主义自我完善和发展的强大理论武器，是党和国家必须长期坚持的（）。,核心思想,指导思想,根本思想,积极思想,B
1191,党的（）报告首次提出“中国特色社会主义理论体系”的科学概念。,十五大,十六大,十七大,十八大,C
1192,在当代中国，坚持发展是硬道理的本质要求，就是坚持（）。,科学发展,协调发展,可持续发展,全面发展,A
1193,科学发展观，第一要义是（）。,增长,发展,科学发展,协调,B
1194,（）是解决中国一切问题的“总钥匙”。,经济,发展,进步,增长,B
1195,科学发展观的核心立场是（）。,为人民服务,以人为本,科学发展,以人民为中心,B
1196,科学发展观的根本方法是（）。,统筹经济社会发展,统筹城乡发展,统筹兼顾,科学发展,C
1197,科学发展观的基本要求是（）。,以人为本,统筹兼顾,全面发展,全面协调可持续,D
1198,科学发展中强调的以人为本的“人”是指（）。,人民群众,农民,工人,知识分子,A
1199,坚持以人为本，最终是为了实现（）。,经济的更快发展,人的全面发展,社会协调,共产主义,B
1200,科学发展观强调，（）是加快转变经济发展方式的关键。,实施创新驱动发展战略,掌握关键性的核心技术,社会和谐,全面深化经济体制改革,D
1201,科学发展观强调，（）是解决“三农”问题的根本途径。,推动城乡一体化,推进城镇化,加快农民市民化,推动农村工业化,A
1202,（）是社会主义的生命。,社会稳定,人民民主,依法治国,以德治国,B
1203,社会主义民主的本质和核心是（）。,协商民主,人民当家做主,党的领导,依法治国,B
1204,（）是民族的血脉，是人民的精神家园。,文化,汉字,语言,意识形态,A
1205,（）是中国特色社会主义的本质属性。,经济发达,政治清明,文化丰富,社会和谐,D
1206,（）是人和社会持续发展的根本基础。,良好生态环境,丰富的物质基础,先进文化,发达的科学技术,A
1207,（）是党领导的事业不断取得胜利的重要法宝。,党的建设,军队建设,反腐倡廉建设,政治建设,A
1208,（）建设是党执政后的一项根本建设。,作风建设,执政能力,思想建设,组织建设,B
1209,（）是马克思主义政党自身建设的本质属性。,革命性,纯洁性,斗争性,先进性,D
1210,（）是兴国之魂，决定着中国特色社会主义发展方向。,社会主义文化,先进文化,传统文化,社会主义核心价值体系,D
1211,（）是人类文明进步的基础。,科学技术,文化,资源,发展,D
